text,label_name,pred
"Rivals Try to Turn Tables on Charles Schwab By MICHAEL LIEDTKE     SAN FRANCISCO (AP) -- With its low prices and iconoclastic attitude, discount stock broker Charles Schwab Corp. (SCH) represented an annoying stone in Wall Street's wing-tipped shoes for decades...",Sci/Tech,Business
"Retailers Vie for Back-To-School Buyers (Reuters) Reuters - Apparel retailers are hoping their\back-to-school fashions will make the grade among\style-conscious teens and young adults this fall, but it could\be a tough sell, with students and parents keeping a tighter\hold on their wallets.",Business,Sci/Tech
"Dell Exits Low-End China Consumer PC Market  HONG KONG (Reuters) - Dell Inc. &lt;DELL.O&gt;, the world's  largest PC maker, said on Monday it has left the low-end  consumer PC market in China and cut its overall growth target  for the country this year due to stiff competition in the  segment.",Sci/Tech,Business
India's Tata expands regional footprint via NatSteel buyout (AFP) AFP - India's Tata Iron and Steel Company Ltd. took a strategic step to expand its Asian footprint with the announcement it will buy the Asia-Pacific steel operations of Singapore's NatSteel Ltd.,World,Business
"Jackson Squares Off With Prosecutor SANTA MARIA, Calif. - Fans of Michael Jackson erupted in cheers Monday as the pop star emerged from a double-decker tour bus and went into court for a showdown with the prosecutor who has pursued him for years on child molestation charges...",World,Sports
Live: Olympics day four Richard Faulds and Stephen Parry are going for gold for Great Britain on day four in Athens.,World,Sports
"Intel to delay product aimed for high-definition TVs SAN FRANCISCO -- In the latest of a series of product delays, Intel Corp. has postponed the launch of a video display chip it had previously planned to introduce by year end, putting off a showdown with Texas Instruments Inc. in the fast-growing market for high-definition television displays.",Business,Sci/Tech
"U.S. Misses Cut in Olympic 100 Free ATHENS, Greece - Top American sprinters Jason Lezak and Ian Crocker missed the cut in the Olympic 100-meter freestyle preliminaries Tuesday, a stunning blow for a country that had always done well in the event.    Pieter van den Hoogenband of the Netherlands and Australian Ian Thorpe advanced to the evening semifinal a day after dueling teenager Michael Phelps in the 200 freestyle, won by Thorpe...",World,Sports
"China cracks down on  quot;phone sex quot; services BEIJING, Aug. 17 (Xinhuanet) -- China is carrying out a nationwide campaign to crack down on  quot;phone sex quot; services, paralleling another sweeping operation against Internet pornography, Minister of Information Industry Wang Xudong said here Tuesday. ",Sci/Tech,World
"Stocks Climb on Drop in Consumer Prices NEW YORK - Stocks rose for a second straight session Tuesday as a drop in consumer prices allowed investors to put aside worries about inflation, at least for the short term.    With gasoline prices falling to eight-month lows, the Consumer Price Index registered a small drop in July, giving consumers a respite from soaring energy prices...",World,Business
Yahoo! Ups Ante for Small Businesses Web giant Yahoo! is gambling that price cuts on its domain name registration and Web hosting products will make it more competitive with discounters in the space -- which means that small businesses looking to move online get a sweeter deal through ...,Business,Sci/Tech
"IBM Buys Two Danish Services Firms IBM said Tuesday it has acquired a pair of Danish IT services firms as part of its effort to broaden its presence in Scandinavia. As a result of the moves, IBM will add about 3,700 IT staffers to its global head count. Financial terms of ...",Sci/Tech,Business
"Oil prices bubble to record high The price of oil has continued its sharp rise overnight, closing at a record high. The main contract in New York, light sweet crude for delivery next month, has closed at a record \$US46.75 a barrel - up 70 cents on yesterday #39;s close. ",World,Business
SUVs: Live And Let Die NEW YORK - The newly released traffic crash fatality data have something for everyone in the debate about the safety of sport utility vehicles. ,Business,Sci/Tech
"Google Lowers Its IPO Price Range SAN JOSE, Calif. - In a sign that Google Inc.'s initial public offering isn't as popular as expected, the company lowered its estimated price range to between \$85 and \$95 per share, down from the earlier prediction of \$108 and \$135 per share...",World,Sci/Tech
"Future Doctors, Crossing Borders Students at the Mount Sinai School of Medicine learn that diet and culture shape health in East Harlem.",World,Sci/Tech
"Microsoft finalises three-year government deal Hot on the heels of its 10-year strategic partnership with the London Borough of Newham, Microsoft is close to signing a new broad three-year public sector agreement with the government. ",Sci/Tech,Business
"Stock Prices Climb Ahead of Google IPO NEW YORK - Investors shrugged off rising crude futures Wednesday to capture well-priced shares, sending the Nasdaq composite index up 1.6 percent ahead of Google Inc.'s much-anticipated initial public offering of stock.    In afternoon trading, the Dow Jones industrial average gained 67.10, or 0.7 percent, to 10,039.93...",World,Business
"Intuit Posts Wider Loss After Charge (Reuters) Reuters - Intuit Inc. (INTU.O), maker of\the No. 1 U.S. tax presentation software TurboTax, on Wednesday\posted a wider quarterly loss after taking a goodwill\impairment charge during its seasonally weaker fourth quarter.",Sci/Tech,Business
"Hurricane center #39;s projection on Charley not far off, data show FORT LAUDERDALE, Fla. - (KRT) - Despite criticism that it should have better anticipated Hurricane Charley #39;s rapid intensification and quick turn, the National Hurricane Center #39;s forecast wasn #39;t that far off, a preliminary post-mortem shows. ",Sci/Tech,Business
"Lloyds TSB cashes in on VoIP Lloyds TSB is gearing up to roll out one of the largest converged networks in Europe, a 500m 70,000 phone VoIP infrastructure linking all the bank #39;s branches and cash points.",Sci/Tech,Business
"Selling Houston Warts and All, Especially Warts Descriptions of urban afflictions and images of giant mosquitoes and cockroaches to convey a sense of how Houston is nevertheless beloved by many residents.",Business,Sci/Tech
"Caterpillar snaps up another remanufacturer of engines PEORIA - Caterpillar Inc. said Wednesday it will acquire a South Carolina remanufacturer of engines and automatic transmissions, increasing its US employment base by 500 people. ",Sci/Tech,Business
Drugstore Offers New Wave of Disposable Cameras  NEW YORK (Reuters) - Pharmacy chain CVS Corp. on Thursday  said it would offer the world's first disposable digital camera  with a bright color viewing screen that allows consumers to  instantly preview pictures.,Sci/Tech,Business
"Ciena Posts a Loss, Forecasts Flat Sales &lt;p&gt;&lt;/p&gt;&lt;p&gt; By Deborah Cohen&lt;/p&gt;&lt;p&gt; CHICAGO (Reuters) - Telecommunications equipment makerCiena Corp. &lt;CIEN.O&gt; on Thursday reported a wider loss for thefiscal third quarter due to slack demand and forecast sales inthe current quarter would be little changed from the thirdquarter.&lt;/p&gt;",Sci/Tech,Business
"Ecuadorean Lawsuit Vs Texaco Boils Down to Science (Reuters) Reuters - After a decade\of court battles, lawyers on Wednesday took a lawsuit by\Ecuadorean Indians accusing U.S. oil firm ChevronTexaco Corp..\of polluting the Amazon jungle into the field.",Sci/Tech,Business
"Groups Eager to Meet With Bush, Kerry (AP) AP - Organizations representing the nation's 3 million scientists, engineers and doctors have invited both presidential candidates to have a word with them  #151; online.",Sci/Tech,World
"Ohio Sues Best Buy, Alleging Used Sales (AP) AP - Ohio authorities sued Best Buy Co. Inc. on Thursday, alleging the electronics retailer engaged in unfair and deceptive business practices.",Business,Sci/Tech
Producer sues for Rings profits Hollywood producer Saul Zaentz sues the producers of The Lord of the Rings for \$20m in royalties.,World,Business
"Don #39;t expect Tiger to relinquish his top ranking without a fight They #39;re calling Ohio a  quot;battleground state, quot; one of the two or three places likely to decide November #39;s presidential election. On local TV, the Bush and Kerry ads air so frequently that it #39;s easy to forget it #39;s Bob Costas who actually runs the country. ",Sports,World
"Antidepressants to Reflect Suicide Risk  WASHINGTON (Reuters) - The U.S. Food and Drug  Administration plans to update antidepressant labels to reflect  studies that suggest a link between the drugs and suicide in  youths, but remains cautious about the strength of such ties,   according to documents released on Friday.",Business,World
"Crude Price Spike May Send Gas Higher (AP) AP - Amid soaring crude oil prices, gasoline costs have been dropping. But don't expect that to last, economists say.",World,Business
"Chavez victory confirmed Caracas, Venezuela - The results of an audit support the official vote count showing that President Hugo Chavez won this month #39;s recall referendum in Venezuela, the head of the Organization of American States said Saturday.",Business,World
"Glory Comes Amid Empty Seats and Closed Shutters HERE in Old Europe, people install shutters outside their windows to keep out the heat, the pollution, the daylight, the noise. They also lock the shutters tight when they go away on holiday.",Sports,Sci/Tech
"Unknown Nesterenko Makes World Headlines (Reuters) Reuters - Belarus' Yuliya Nesterenko won the top\women's athletics gold medal at the Olympics on Saturday,\triumphing over a field stripped of many big names because of\doping woes to win the 100 meters.",World,Sports
Greek weightlifter awaits verdict Greek weightlifter Leonidas Sampanis will find out on Sunday if he is to be stripped of his medal.,World,Sports
"A Founding Father? Give the guy some credit. Tung Chee-hwa, Hong Kong #39;s embattled Chief Executive, gets precious little of it from his people these daysand heaps of ",World,Business
"U.S. Softball Team Wins, Closes in on Gold ATHENS, Greece - Right now, the Americans aren't just a Dream Team - they're more like the Perfect Team. Lisa Fernandez pitched a three-hitter Sunday and Crystl Bustos drove in two runs as the Americans rolled to their eighth shutout in eight days, 5-0 over Australia, putting them into the gold medal game...",World,Sports
"Men Set for Sizzling Duel in 100 Meters ATHENS, Greece - The preliminaries in the 100 meters were perhaps just a sample of what's to come Sunday, when a talented group of qualifiers - including Americans Shawn Crawford, Justin Gatlin and defending champion Maurice Greene - will try to turn their competition into the fastest show at the Athens Games.    Five men broke 10 seconds in qualifying Saturday, led by Crawford's time of 9.89...",World,Sports
"Nortel Downsizes Again Aug. 23, 2004 (TheDeal.com) Problem-plagued Nortel Networks Corp. announced plans Thursday, Aug. 19, to eliminate an additional 3,500 jobs and fire seven more senior executives as the company labors to reinvent ",Business,Sci/Tech
Chavez rejects CD as opposition Venezuela #39;s President Hugo Chavez has announced that he will no longer recognize the Democratic Coordination or CD as the opposition coalition.,Business,World
"Hamm should support Yang Paul Hamm needs a new marketing strategy. Either that, or he needs a clue. One harmless gesture separates him from lionization in America and canonization in South Korea, and ",Sports,Sci/Tech
"New Fat-Busting Microwave Oven Unveiled  TOKYO (Reuters) - Eyeing up that juicy steak but worried  about your waistline? Japanese electronics maker Sharp Corp.  &lt;A HREF=""http://www.reuters.co.uk/financeQuoteLookup.jhtml?ticker=6753.T qtype=sym infotype=info qcat=news""&gt;6753.T&lt;/A&gt; says it has developed a new fat-busting microwave oven  that can melt some of your worries away.",Sci/Tech,Business
Obesity Solution: Nuke It Eying that juicy steak but worried about your waistline? Sharp says it has developed a new fat-busting microwave oven that can melt some of your worries away.,Sci/Tech,Business
"U.S. Men's Hoops Team Finally Gets a Rout ATHENS, Greece - The Americans got a taste of what it was like in the good ol' days. They finally played an opponent they were able to beat easily, routing Angola 89-53 Monday in their final preliminary game of the Olympic men's basketball tournament...",World,Sports
Observers insist: no proof of fraud in Venezuelan referendum. Independent observers confirmed that the random auditing of results from the recall referendum (Sunday August 15) against Venezuelan president Hugo Chavez show there are no indications of fraud as claimed by the opposition.,Business,World
Philippine President Says Country Faces Fiscal Crisis Philippine president Gloria Arroyo warned that her country is in the midst of a fiscal crisis. A report by economists at the University of the Philippines said the country faces economic collapse ,Business,World
Deal has S2io champing at the gigabit OTTAWA -- A local firm that says it can help shrink backup times at large data centres is growing its business thanks to an alliance with Sun Microsystems Inc.,Business,Sci/Tech
"SAP Gets \$35 Million Post Office Pact SAP has landed a \$35 million deal to help the US Postal Service overhaul its human resources systems. According to sources close to the deal, the agreement includes a \$21 million consulting component, and ",Sci/Tech,Business
"Intel drops prices on computer chips SAN FRANCISCO - Intel Corp. has cut prices on its computer chips by as much as 35 percent, though analysts on Monday said the cuts were probably unrelated to swelling inventories of the world #39;s largest chip maker.",Sci/Tech,Business
"SAP Awarded \$35 Million Postal Service Contract The postal service, which employs more than a third of the civilian employees of the federal government, chose SAP after a multi-year evaluation, it said.",Sci/Tech,Business
"Dark arts of spin evident in phoney war for Abbey THE phoney war over the fate of Abbey grinds on. Along the way, on all sides, it is producing its predictable crop of knowing winks and destabilising nudges.",Business,Sci/Tech
"Audit finds no fraud in Venezuelan recall vote CARACAS : An audit of last Sunday #39;s recall vote in Venezuela, which favored keeping President Hugo Chavez in office, found no evidence of fraud, as the opposition had charged, electoral officials said.",Business,World
Iran shuts reformist websites WEBSITES CLOSE to Iran #39;s leading reformist party have been blocked by religious hardliners in the police bureau of public morals.,Sci/Tech,World
Update 1: Passengers Stranded by Canceled Flights Thousands of disgruntled vacationers were stranded at Heathrow Airport Tuesday after British Airways canceled scores of flights because of staff shortages and technical hitches.,World,Business
"India's Tata makes powerful debut Shares  in Indian software services giant Tata Consultancy close 16 higher on their market debut, raising \$1.2bn for the company.",World,Business
"Bryant Prosecutors Say Some Data Tainted DENVER - Crucial DNA evidence tested by defense experts in the Kobe Bryant sexual assault case might have been contaminated, prosecutors said in a court filing released Wednesday, just two days before jury selection is to begin.    Prosecutors said they had found contamination in DNA ""control"" samples intended to ensure testing was accurate...",World,Sports
Vonage Awash in Venture Capital VoIP (define) upstart Vonage has quickly amassed another \$105 million from venture capitalists and is looking to Latin America and Asia to accelerate an already torrid growth rate.,Sci/Tech,Business
"MOM 2005 Released to Manufacturing Microsoft on Wednesday announced the release to manufacturing of Microsoft Operations Manager (MOM) 2005 and MOM 2005 Workgroup Edition, a new edition that the company previously called MOM 2005 Express.",Business,Sci/Tech
"Jones Advances in Long Jump; Johnson Out ATHENS, Greece - Marion Jones made her Athens debut in virtual anonymity, quietly advancing to the long jump final. Allen Johnson had the attention of everyone in the stadium, for all the wrong reasons...",World,Sports
"Belarus Bank Denies Money Laundering Charge A bank in Belarus has denied US charges that it laundered money for former Iraqi leader Saddam Hussein. Infobank, in a statement, said it has strictly followed international agreements related to the fight against illegal transactions.",Business,World
Rain threatens triangular final (AFP) AFP - Organisers were left banking on the Dutch weather to spare Saturday's final of the triangular cricket tournament after deciding against altering the fixture schedule in a bid to beat the rain that has marred this warm-up event for next month's ICC Champions Trophy in England.,World,Sports
"Dream Team Leads Spain 44-42 at Halftime ATHENS, Greece - As expected, the U.S. men's basketball team had its hands full in a quarterfinal game against Spain on Thursday...",World,Sports
"U.N. Urges Funds to Curb African Locusts (AP) AP - With swarms of locusts threatening crops in a number of African countries, a U.N. agency appealed for an additional  #36;70 million in assistance Thursday to prevent the upsurge from becoming a full-scale plague.",Sci/Tech,World
Nepal blockade 'blow to tourism' Nepal tour operators say tourists cancelled millions of  dollars of bookings due to the rebel blockade of Kathmandu.,Business,World
Olympics: High-Flying Holm Aims to Defy Science (Reuters) Reuters - Sweden's gold medal-winning high\jumper Stefan Holm reckons he can leap even higher but\scientists say he and other athletes were already close to the\limit of what they can achieve.,Sci/Tech,Sports
"Japan Won't Have U.S. Beef Anytime Soon (Reuters) Reuters - Japan's lucrative market for U.S.\beef, ruptured by mad cow disease worries, is likely to remain\closed for the rest of this year, U.S. meat industry officials\said on Thursday.",World,Business
"103 arrests for Internet fraud, related crimes since June: US (AFP) AFP - US authorities arrested at least 103 suspects and filed 117 criminal complaints since June 1 in a crackdown on various forms of online fraud, Attorney General John Ashcroft said.",Sci/Tech,World
TiVo loss widens SAN FRANCISCO (CBS.MW) - TiVo said its second-quarter loss widened from a year earlier on higher customer acquisition costs. Free!,Sci/Tech,Business
Visit to a Potemkin village Gongzhong does not resemble any Tibetan village in Tibet. It is a village more from Epcot Center in Walt Disney World.,World,Sci/Tech
US edge out Brazil for gold The United States beat Brazil 2-1 in extra time to win the women's Olympic football tournament.,World,Sports
"Breast scans 'fail' in some women Some women with breast cancer are less likely to have their tumours picked up by scans, say experts.",World,Sci/Tech
PeopleSoft customers reassured Oracle Corp. President Charles Phillips on Monday said PeopleSoft Inc. customers have become more comfortable with the prospect of a merger between the two software firms even as the proposed transaction awaits a critical ruling from a Delaware court.,Business,Sci/Tech
"Union leaders held under ESMA on Day 6 of strike New Delhi, August 26: The sixth day of the truckers strike on Thursday saw 12 more truckers being arrested under the Essential Services Maintenance Act (ESMA)in the Capital.",Business,World
"DreamWorks Officer Quits DreamWorks SKG, the studio that created the  quot;Shrek #39; #39; films, said yesterday that Helene Hahn would step down as chief operating officer.",Business,Sci/Tech
"Dominicans' Swift Step Into Crisis SANTO DOMINGO, Dominican Republic -- When Sandro Batista smashed his banana truck into a tree in April, leaving him with two hideously shattered legs and a broken arm, his orthopedic surgeon sent his sister shopping.",Business,World
"US economic growth slips to 2.8 Annual US economic growth fell to 2.8 in the second quarter of 2004, marking a slowdown from the 3 estimated a month ago.",World,Business
"Japanese Utility Plans IPO in October (AP) AP - Electric Power Development Co., a former state-run utility, said Friday it is planning an initial public offering on the Tokyo Stock Exchange in October, a deal that could be the country's biggest new stock listing in six years.",World,Business
"HP to tempt holiday shoppers with sights and sounds The computer-hardware giant, best known for products such as PCs and printers, on Friday laid out its plan to become a brand-name in consumer electronics products such as flat-screen TVs, music players and the devices that move content between them.",Business,Sci/Tech
"Argentina Beats U.S. Men's Basketball Team Argentina defeated the United States team of National Basketball Association stars 89-81 here Friday in the Olympic semi-finals, dethroning the three-time defending champions.",World,Sports
"A Canadian Invasion A few weeks ago, in a story on Nortel (NYSE: NT), I asked people to submit a Canadian joke to me. This is as good a place as any to reveal the winner.",Business,Sci/Tech
"Siemens Says Cellphone Flaw May Hurt Users and Its Profit Siemens, the world #39;s fourth-largest maker of mobile phones, said Friday that a software flaw that can create a piercing ring in its newest phone models might hurt earnings in its handset division.",Business,Sci/Tech
"Bea Arthur for President Bea Arthur sparked a security scare at Logan Airport in Boston this week when she tried to board a Cape Air flight with a pocketknife in her handbag.    The ""Golden Girls"" star, now 81, was flagged by a Transportation Security Administration agent, who discovered the knife - a strict no-no following 9/11.    ""She started yelling that it wasn't hers and said 'The terrorists put it there,' "" a fellow passenger said. ""She kept yelling about the 'terrorists, the terrorists, the terrorists.' ""    After the blade was confiscated, Arthur took a keyring from her bag and told the agent it belonged to the ""terrorists,"" before throwing it at them.  - via philly.com",Sci/Tech,World
The Hunt for a Hybrid The Aug. 23 front-page article on the Toyota Prius vs. the Honda Civic implied that the main reason people prefer the Prius was its  quot;geek-chic look quot; and the image buyers want.,Business,Sci/Tech
US Bells Do Video on Path Blazed by Small Telcos The three largest US local telephone corporations made a splash this summer with plans to sell video services on their voice and data lines in a few years.,Business,Sci/Tech
Our mobile margins will fall: Telstra TELSTRA chief financial officer John Stanhope has admitted Telstra #39;s margins in its \$4.5 billion a year mobile phone business will shrink this year in the face of increased price competition and the growing cost of acquiring new customers.,Sci/Tech,Business
"For Now, Unwired Means Unlisted. That May Change. In October, most major cellphone carriers plan to start compiling a publicly accessible listing of wireless phone numbers.",Business,Sci/Tech
"Scaffold collapse survivors improving One of the men who survived Friday #39;s fatal scaffold collapse is in guarded condition at Detroit Receiving Hospital and the two other survivors were released on Sunday, a hospital spokeswoman said.",Business,World
"On TV -- from the Internet  SAN MATEO, Calif. -- The promise of Internet-based video has long been hamstrung by copyright and piracy worries, slow dial-up connections, technical challenges, and consumer disdain for watching blotchy videos on their home computers.",Business,Sci/Tech
"Intel in new chip breakthrough Intel creates a more powerful memory chip without increasing its size, confounding the firm's critics.",Business,Sci/Tech
"Going ballistic: Agni-II test fired NEW DELHI: Indias quest to develop a solid missile defence took a step forward today when it successfully test-fired the surface-to-surface Agni-II missile, which can cover targets in the 2000-2500 kms-range, from the Integrated Test Range (ITR) at ",World,Sci/Tech
"Carnival crowds likely to top 1m As the Notting Hill Carnival enters its final day, police say they are pleased with how it has gone so far. About 250,000 people took to the streets on Sunday - more than double the first day last year - to celebrate 40 years of the west London event.",World,Business
Bryant Makes First Appearance at Trial (AP) AP - NBA star Kobe Bryant arrived at his sexual assault trial Monday as attorneys in the case who spent the weekend poring over questionnaires prepared to question potential jurors individually.,Sci/Tech,Sports
"Survey: IT spending to grow modestly next year CIO confidence is up in third quarter, according to Forrester poll.",Sci/Tech,Business
"Japan should outsource more The Japanese information services industry clocked up sales of 13,703.9 billion yen in fiscal 2001, according to a report on selected service industries for 2001 released by the Ministry of Economy, Trade and Industry (METI).",World,Business
"Maddux Wins No. 302, Baker Wins No. 1,000 Greg Maddux pitched the Chicago Cubs into the lead in the NL wild-card race and gave Dusty Baker a win to remember. Maddux threw seven shutout innings for his 302nd career win, Baker got his 1,000th victory as a manager and Chicago beat the Montreal Expos 5-2 on Monday night...",World,Sports
Old Rumors of Gay Sex Prove Powerful on Web Va. GOP members chose Del. Thelma Drake (Norfolk) to replace Rep. Edward L. Schrock after he resigned amidst allegations Schrock indulged in or solicited gay sex.,Sci/Tech,World
"Three jockeys, one trainer arrested LONDON -- British police arrested 16 people, including three jockeys and a trainer, Wednesday as part of a major crackdown on corruption in horse racing.",Sports,World
"Paris Tourists Search for Key to 'Da Vinci Code' (Reuters) Reuters - A funny thing happened on the way to the\Mona Lisa. Visitors to the Louvre museum in Paris, home of the\world's most famous painting, started quizzing tour guides\about Dan Brown's best-selling novel ""The Da Vinci Code.""",World,Sci/Tech
"Taiwan #39;s Acer picks a European as president TAIPEI Acer, the Taiwan computer company, named Gianfranco Lanci of Italy as its president on Wednesday, an appointment that signals the company #39;s ambitions to expand its global market share.",Sci/Tech,Business
Google shares down ahead of first lockup expiry Shares in newly public Google Inc. fell 2 percent on Wednesday as investors braced for the expiration of a lockup period that has kept insiders at the Web search company from selling stock.,Business,Sci/Tech
"Aether Declines Higher Bid for Unit (washingtonpost.com) washingtonpost.com - Aether Systems Inc., a Maryland wireless data company that is selling off its operating units, said yesterday it received a  #36;30 million offer for a division it had already agreed to sell to another buyer for  #36;25 million.",Sci/Tech,Business
Strong Hurricane Roars Over Bahamas Toward Florida (Reuters) Reuters - Hurricane Frances battered the\southeastern Bahamas islands with 140 mph winds on Wednesday as\it roared toward the United States and put millions of people\on alert along Florida's heavily populated east coast.,Sci/Tech,World
Software Service Aims to Outfox Caller ID A new computerized service enables customers to create phony outbound phone numbers in order to mask their telephone identities.,Business,Sci/Tech
"Scotch Whisky eyes Asian and Eastern European markets (AFP) AFP - A favourite tipple among connoisseurs the world over, whisky is treated with almost religious reverence on the Hebridean island of Islay, home to seven of Scotland's single malt distilleries.",World,Business
Red Hat replaces CFO Charles Peters Jr. is taking over as the company deals with the aftereffects of restating its earnings for the past three fiscal years.,Sci/Tech,Business
"Appeals court faults Oracle in shareholder suit Judges send case back to lower court to sort out allegations of improper bookkeeping and ""suspicious"" stock sales.",Sci/Tech,Business
"Davenport Advances at U.S. Open NEW YORK - Lindsay Davenport's summer of success stayed on course Thursday when the fifth-seeded former U.S. Open champion defeated Arantxa Parra Santonja 6-4, 6-2 and advanced to the third round of the season's final Grand Slam event...",World,Sports
Megawati kicks off 36th ASEAN economic meeting JAKARTA (Agencies): President Megawati Soekarnoputri opened high-level economic talks between members of the Association of Southeast Asian Nations (ASEAN) on Friday with a warning to ASEAN leaders that they must stay the course on their agreed ,Business,World
"Semiconductor Manufacturing to Boost Capacity by Half (Update2) Semiconductor Manufacturing International Corp., China #39;s biggest supplier of made-to-order chips, said its factory capacity will rise by more than half in the second half as the company brings more plants on line.",Sci/Tech,Business
The Bahamas - the real medal winner of the Athens Olympics A different way of calculating the medal standings brings some interesting results.,Sci/Tech,Sports
EU foreign ministers hope to break deadlock over ASEM summit The European Union said Friday it  quot;hoped to reach a conclusion quot; at a meeting of foreign ministers on the participation of military-ruled Myanmar in an upcoming summit of Asian and European nations.,Business,World
"US economy generated 144,000 jobs in August (AFP) AFP - The US economy generated 144,000 jobs in August, the Labour Department said, in a sign that the labour market was improving slightly after two sluggish months.",Business,World
"Judge: Geico can sue Google, Overture over ads A federal judge in Virginia has ruled that a trademark infringement suit filed by the Government Employees Insurance Co. (GEICO) against Internet search giants Google Inc. and Overture Services Inc. can proceed.",Business,Sci/Tech
"Livewire: Fantasy Sports Leagues Thrive Online (Reuters) Reuters - Take 15 million armchair athletes,\add a steady stream of statistics and mix in a healthy dollop\of trash talk. Post it all on the Internet and you've got a  #36;3\billion industry built around imaginary sports teams.",Sci/Tech,Sports
"Medicare Premiums to Rise Record 17 Pct. WASHINGTON - Medicare premiums for doctor visits are going up a record \$11.60 a month next year. The Bush administration says the increase reflects a strengthened Medicare, while Democrats complain that seniors are being unfairly socked...",World,Business
Alert shuts Los Angeles airport Parts of Los Angeles international airport are temporarily closed down amid reports of a security breach.,World,Business
"ASEAN moves closer to single market with  #39;road map #39;, global trade &lt;b&gt;...&lt;/b&gt; JAKARTA : ASEAN finance ministers ended a meeting which saw Southeast Asia edge closer to a Europe-style single market, laying out a  quot;road map quot; for integration and opening doors to wider global trade.",World,Business
"Global sales of mobile phones hit record levels PARIS Global cellphone sales rose to record levels in the second quarter as Nokia clawed back some of its lost market share, according to figures released Thursday.",Sci/Tech,Business
"World briefs LONDON - A man wielding a machete and a knife attacked two security guards at the building housing the headquarters of the British domestic intelligence service MI5 on Friday, police said.",Business,World
"Labor situation deserves honest talk For a moment last week, President Bush escaped the White House spin chamber and was the plainspoken man much of the nation came to like four years ago.",Business,World
Tokyo Stocks Higher at Late Morning (AP) AP - Tokyo stocks rose moderately Monday morning on bargain hunting following Friday's losses. The U.S. dollar was up against the Japanese yen.,World,Business
Retailers Looking to Move Plasma TV's (AP) AP - Hanging stockings by the chimney with care? Retailers hope that St. Nicholas soon will be there  #151; to hang a 42-inch plasma-screen TV.,Business,Sci/Tech
"Philippines mourns dead in Russian school siege The Philippines Saturday expressed quot;deepest sympathy quot; to the families of the dead in the Russian school siege on Friday, in which 322 people were killed when Russian troops stormed ",Sci/Tech,World
"Israel to close Erez industrial zone before March Israel would start liquidating the Erez industrial zone in the northern Gaza Strip before launching the first stage of the disengagement plan in March 2005,local newspaper Ha #39;aretz reported on Tuesday.",Business,World
Florida deaths blamed on Hurricane Frances State and local officials Tuesday said nine people have died in Florida because of Hurricane Frances. The following describes those deaths: - A 15-year-old grandson and a former son ,Sports,World
"Lexmark recalls 40,000 printers Lexmark International Inc. recalled 39,431 printers from the market on Tuesday, according to a statement by Consumer Product Safety Commission.",Sci/Tech,Business
"Matsushita Unveils DVD Recorders, Eyes Higher Share  TOKYO (Reuters) - Panasonic brand products maker Matsushita  Electric Industrial unveiled five new DVD recorders on  Wednesday and said it was aiming to boost its share of the  domestic market to over 40 percent from around 35 percent.",Sci/Tech,Business
"Movies in a snap: Netflix and TiVo discuss downloads Bee Staff Writer. The high-tech ground is shifting underfoot again, amid rumblings of a new Silicon Valley alliance that would let owners of TiVo Inc.",Business,Sci/Tech
"Hyundai signs deal for China truck plant Hyundai Motor Co. said yesterday that it has signed an agreement with a Chinese company, Jianghuai Automobile Corp., to build a commercial vehicle and engine plant in China #39;s Anhui province.",Sci/Tech,Business
"Stocks Drop After Greenspan Testimony NEW YORK - Investors were unmoved by Federal Reserve Chairman Alan Greenspan's improved assessment of the economy, with stocks falling narrowly Wednesday in light trading.    While Greenspan said the economy has ""regained some traction"" after the summer's slowdown, he echoed Wall Street's concerns over energy prices, which have fallen from record highs in recent weeks but stubbornly remain above \$40 per barrel...",World,Business
"The Week: No. 1 at Last water running over a rock, wind ripping across a sand dune, the ocean washing up against the shore. Whatever the image, for the last three years Vijay Singh has been the ",Sports,World
Florida Starts To Recover in the Wake of Hurricane Frances President Bush will travel to Florida Wednesday to survey damage from Hurricane Frances. He sent a letter to Congress asking for \$2 billion to help with recovery efforts.,Sci/Tech,Business
"Colts Lead Pats Early in Third Quarter FOXBORO, Mass. - Peyton Manning reached the 25,000-yard passing mark faster than anyone but Dan Marino, and the Indianapolis Colts shredded the New England Patriots for a 17-13 halftime lead Thursday night...",World,Sports
Telescope snaps distant 'planet' The first direct image of a planet circling another star may have been obtained by a US-European team of astronomers.,World,Sci/Tech
"U.S. Ringtones Market Slow to Connect  SAN FRANCISCO (Billboard) - With a possible billion-dollar  windfall at stake, U.S. music companies are eagerly awaiting  the full-blown development of the stateside ringtone market.",Sci/Tech,Business
California group sues Albertson's over privacy concerns A California-based privacy advocacy group is suing supermarket giant Albertson's over alleged privacy violations involving its pharmacy customers.,Sci/Tech,Business
"Storms Seem to Cure Floridians of Hurricane Amnesia The state #39;s East Coast hadn #39;t been hit by a hurricane since 1999. That, and the fact that Florida hasn #39;t had its historic share of such storms in recent decades, has led to some complacency about their effects.",Business,Sci/Tech
Collingwood anchors England (AFP) AFP - Paul Collingwood's unbeaten 80 took England to 299 for seven against Zimbabwe in their opening Champions Trophy Pool D match at Edgbaston here.,World,Sports
Tough to predict a hurricane landfall this season #39;s busy season of landfalling Atlantic hurricanes has seen a few less-than-perfect calls by tropical ,Sci/Tech,World
"Let a Thousand Ideas Flower: China Is a New Hotbed of Research In recent years, hundreds of multinational companies have set up research laboratories in China.",Business,Sci/Tech
"Microsoft vs Sendo: It #39;s over The legal battle between UK phone manufacturer Sendo and Microsoft has been settled, the companies announced on Monday morning. Sendo had been suing Microsoft for the alleged theft of trade secrets, fraud ",Business,Sci/Tech
"At Last, Success on the Road for Lions The Detroit Lions went three full seasons without winning an away game, setting an NFL record for road futility. They ended that ignominious streak Sunday in their first opportunity of the season, beating the Chicago Bears 20-16 at Soldier Field...",World,Sports
"Meditation Practice Helping Arthritis Patients By ALEX DOMINGUEZ    BALTIMORE (AP) -- Dalia Isicoff knows pain. A lifelong sufferer of rheumatoid arthritis, she has had seven hip replacement surgeries...",Sci/Tech,World
"FDA Approves Lens Implant to Sharpen Sight WASHINGTON - There's a new option for people who suffer from extreme nearsightedness, whose world loses its crisp edge just a few inches from their noses. The first implantable lens for nearsightedness was approved Monday by the Food and Drug Administration...",World,Sci/Tech
"EU increases pressure for rights in Myanmar EU foreign ministers agreed Monday to tighten sanctions against Myanmar if it does not improve its human rights record by Oct. 8, when an EU meeting with Asian countries starts in Vietnam.",Business,World
"Sun trims fourth-quarter earnings by \$12 million Sun Microsystems Inc. trimmed its fourth quarter and full-year 2004 results this week, to account for final accounting of asset retirement obligations and its settlement with Microsoft Corp.",Sci/Tech,Business
"German investor confidence slumped in September BERLIN - German investor confidence dropped sharply in September, a key economic indicator released Tuesday showed amid concerns about the impact of high oil prices on consumer demand and the outlook for the global economy.",World,Business
"Tyncastle sale gets official go ahead Of the votes received by proxy and from shareholders in the room at a stormy extraordinary general meeting last night, 62.5 were in favour of the resolution.",Sports,Business
Oracle Profit Rises on Software Demand  SAN FRANCISCO (Reuters) - Oracle Corp. on Tuesday reported  a higher quarterly profit as the world's second largest  software company benefited from steady demand for its flagship  database software.,Business,Sci/Tech
Lethal Bird Flu Reemerges In Four East Asian Countries The avian influenza virus that swept across East Asia early this year has reemerged in at least four countries in the region despite optimism among health and agriculture officials that the disease had been eradicated through the mass slaughter of chickens.,World,Sci/Tech
"Study: 400K Fewer Tech Jobs Since 2001 The US information tech sector lost 403,300 jobs between March 2001 and this past April, and the market for tech workers remains bleak, according to a new report.",Business,Sci/Tech
"Slowing population 'lacks funds' Rich countries are giving only half the amount they promised to help to slow world population growth, the UN says.",Sci/Tech,Business
"Stocks Sink on Coke's Gloomy Forecast NEW YORK - Stocks headed lower Wednesday after beverage giant Coca-Cola Co. issued a gloomy forecast, and a lower-than-expected reading on industrial production for August threw the nation's broader economic outlook into question...",World,Business
"HP Wins Defense Contract HP (Quote, Chart) was awarded a \$290 million, 10-year outsourcing contract with the Defense Logistics Agency #39;s (DLA) Enterprise Data Center (EDC) program, officials announced Wednesday.",Business,Sci/Tech
"World Population to Rise to 8.9 Billion Although world families are getting smaller in many regions, the 50 poorest countries are expected to triple in size to 1.7 billion people by 2050, posing many challenges for world countries.",World,Business
"Oracle Fails to Inspire Tech Rally Oracle Corp. handed the software industry some positive earnings news after the bell on Tuesday, but investors pulled cash from the sector on concerns that information technology spending has become anemic.",Business,Sci/Tech
"GM Plans to Use Woods More Creatively (AP) AP - General Motors Corp. is thrilled that Tiger Woods will promote Buick for the next five years, but GM chairman Rick Wagoner says the automaker could make better use of the world's best-known golfer.",Sports,Business
Infineon to Pay a Fine in the Fixing Of Chip Prices Federal prosecutors announced on Wednesday that they had cracked a global cartel that had illegally fixed prices of memory chips in personal computers and servers for ,Business,Sci/Tech
"Shareholders Approve Aether Changeover Shareholders approved Aether Systems Inc.'s sale of one of its two remaining operating divisions Wednesday, a deal that will take the Owings Mills company out of the wireless business and nearly complete its transformation into a mortgage investment fund.&lt;BR&gt;\&lt;FONT face=""verdana,MS Sans Serif,arial,helvetica"" size=""-2""\ color=""#666666""&gt;&lt;B&gt;-The Washington Post&lt;/B&gt;&lt;/FONT&gt;",Sci/Tech,Business
"Icing call Out of money, out of patience, out of time, and for the foreseeable future, out of business.",Sports,Business
Schooling 'mix up' hits Portugal Schools across Portugal turn away pupils because of a teachers' assignment mix up on the first day of classes.,World,Sci/Tech
"Ford to Return Electric Cars to Norway (AP) AP - Ford Motor Co. agreed to return about 300 Norwegian-built electric cars to the Nordic country after protests about plans to scrap them, the country's transport minister said Thursday.",World,Business
"Czech Republic's Cell Operators Fined (AP) AP - All three cell phone operators in the Czech Republic were fined a total of  #36;1.7 million for breaching competition rules, officials said Thursday.",Sci/Tech,World
"Hurricane Ivan Slams U.S. Gulf Coast Hurricane Ivan roared into the Gulf Coast near Mobile, Alabama, early this morning with peak winds exceeding 125 miles an hour (200 kilometers an hour).",Sci/Tech,World
Nortel lowers expectations Nortel said it expects revenue for the third quarter to fall short of expectations.,Sci/Tech,Business
EU Wants U.S. Aid to Boeing Clarified (AP) AP - The European Union on Thursday demanded Washington explain more clearly how it subsidizes Boeing Co. and warned it would counter any U.S. challenge targeting EU rival Airbus SAS before the World Trade Organization.,World,Business
"Texas Instruments Plans Buyback (Reuters) Reuters - Texas Instruments Inc., the\largest maker of chips for cellular phones, on Thursday said it\plans to buy back  #36;1 billion in stock and boost its quarterly\dividend by more than 17 percent, becoming the latest\technology company to return extra cash to investors.",Sci/Tech,Business
"In Athens, the other Olympics It was a sight the Greeks had never seen: Beneath the ancient temples of the Acropolis, dozens of international visitors maneuvered ",Sports,World
"Corning begins work on Taiwan LCD facility Encouraged by the demand for LCDs, glass maker Corning on Thursday said it has broken ground for a second manufacturing facility in Taiwan.",Sci/Tech,Business
"Forecasters: More Hurricanes May Be on Way Ivan, Frances and Charley delivered three staggering blows to the Gulf Coast and Florida, as well as Caribbean island nations, all in just five weeks.",Sci/Tech,World
California slashes legal fees in settlement of Microsoft case California lawyers who reached a \$1.1 billion class-action settlement with Microsoft will get less than half the legal fees they requested.,Business,Sci/Tech
"Woods, Mickelson form dynamic US duo For three days, it had been about dinners, galas, black-tie affairs, and enough social engagements to please Paris Hilton.",Sports,Business
"\$78,000 for a Cane That Helped a Legend Walk the Line Many of Johnny Cash's possessions were sold at Sotheby's, collecting \$3,984,260 for the Cash family, more than double the pre-auction estimate.",World,Business
Sandia Motor Speedway for Sale on eBay (AP) AP - And the race is off! Only 29 days and some odd hours left to place your bid on eBay to buy the Sandia Motor Speedway.,Sci/Tech,Sports
Pen can pick some bike U-locks That U-shaped bike lock that you thought was so secure may be easy pickings for thieves who have nothing more sophisticated than a Bic pen.,Business,Sci/Tech
"Show lights up Paralympics The XII Paralympics begins in Athens, after a spectacular opening ceremony.",World,Sports
PeopleSoft sweetens employee compensation Business software maker PeopleSoft Friday said it was boosting compensation packages for all employees except its chief executive in a move that would raise the ,Business,Sci/Tech
"Thanks for the Pageviews, Ivan Bad weather has been very good for business at Weather.com and other popular forecasting sites. They are posting record traffic in the wake of Hurricane Ivan's arrival on the mainland. By Joanna Glasner.",Business,Sci/Tech
"Apple offers 2004 financial details Apple's latest Form 10-K filing with the Securities and Exchange Commission offers a look at how the company did this past year, how it thinks it's doing and what's to come.",Sci/Tech,Business
"Florida, Alabama pick up the pieces after Ivan People in Florida and Alabama have started to clean up after hurricane Ivan - the third such pummelling for Florida alone in just five weeks.",Business,World
Ryder Cup: Europe close on victory Another good day at Oakland Hills sees Europe move 11-5 clear of the USA going into Sunday's Ryder Cup singles.,World,Sports
EU transport chief hails Alitalia accord (AFP) AFP - EU transport and energy commissioner Loyola de Palacio hailed the accord reached between Alitalia management and staff on a major restructuring plan aimed at keeping the struggling airline in the air.,World,Business
Bush video awarded Turner Prize Artist Jeremy Deller wins this year's Turner Prize for a film about US President George Bush's home town.,World,Sci/Tech
"Oracle v. Peoplesoft: the joke is on... Opinion I thought it was a joke when Oracle first announced that it was going to try to buy PeopleSoft; or, at best, a spoiling tactic over PeopleSoft #39;s acquisition of JD Edwards.",Business,Sci/Tech
"The battle for DR Congo's wildlife As donors pledge \$40m to save DR Congo's wildlife, life in Virunga Park remains a battle ground.",Sci/Tech,World
"IMF's Rato says US should cut budget deficit (AFP) AFP - The United States should cuts its fiscal and trade deficits, while Europe and Japan should take steps to boost economic growth, IMF managing director Rodrigo Rato revealed.",Business,World
"Rogers Wireless Whistles and Fido Responds Its official. Microcell Telecommunications Fido wireless service will be the new dog in Rogers Wireless Communications Canadian kennel, and that puppy wasnt cheap.",Business,Sci/Tech
"IMF to Close Harare Office THE International Monetary Fund (IMF) is closing down its Harare representative office at the end of this month, virtually terminating threadbare relations with the crisis-racked southern African nation.",Business,World
"AOL pushes into Internet shopping Looking for new ways to boost its revenue, America Online is launching an online shopping service that won #39;t require an AOL account to access.",Business,Sci/Tech
Bush Scraps Most U.S. Sanctions on Libya (Reuters) Reuters - President Bush on Monday formally\ended the U.S. trade embargo on Libya to reward it for giving\up weapons of mass destruction but left in place U.S.\terrorism-related sanctions.,Sci/Tech,World
"Study: Wrecks Jump 3 Days After Terrorism Fatal traffic accidents increase sharply in Israel on the third day after a terrorist attack, and researchers are searching for an explanation why.",Sci/Tech,World
"Clouds darken PeopleSoft conference SAN FRANCISCO -- PeopleSoft Inc. is trying to create a party-like atmosphere at its annual customer conference, but this week's gathering may feel more like a wake with rival Oracle Corp.'s \$7.7 billion takeover bid looming larger than ever.",Business,Sci/Tech
"Ask Jeeves retools search engine in bid to catch Google, Yahoo SAN FRANCISCO -- Hoping to emerge from the shadow of its more popular rivals, Ask Jeeves Inc. is adding new tools for visitors to save and organize links to Web pages they find through the company's online search engine.",Business,Sci/Tech
"Gates, Ballmer pay holds at about \$900,000 Paychecks stay the same for the top two, but compensation changes for other Microsoft workers as stock grants replace options.",Sci/Tech,Business
"Gates and Ballmer get pay raises Bill Gates and Steve Ballmer each received total compensation of \$901,667 in Microsoft Corp.'s 2004 fiscal year, up 4.4 percent from \$863,447 one year ago.",Sci/Tech,Business
"US star slams sweet-rustlin', phone beepin' theatre crowd (AFP) AFP - Kevin Spacey, the US screen star who is spending a season working for one of London's top West End theatres, lashed out at members of the audience who rustle sweet wrappers and forget to turn off their mobile phones during performances.",Sci/Tech,World
"Stocks Close Higher on Brokerage Earnings NEW YORK - Stocks dashed higher Tuesday as investors welcomed strong earnings from financial services companies, upbeat economic data and some reassuring news from the Federal Reserve.    The Fed's decision to raise short-term interest rates by another quarter-percentage point to 1.75 percent did not come as a surprise to the market...",World,Business
"PeopleSoft CEO Conway maintains defiant tone SEPTEMBER 21, 2004 (IDG NEWS SERVICE) - With 15,000 attendees at PeopleSoft Inc. #39;s Connect 2004 user show waiting to hear how the company would handle Oracle Corp.",Business,Sci/Tech
"Microsoft CFO: Expect more acquisitions Microsoft may seek to become a more distributed company as it eyes future large acquisitions, CFO John Connors said yesterday.",Sci/Tech,Business
"Senate Panel Gives NASA Extra Money (AP) AP - NASA would get  #36;16.4 billion next year under a bill a Senate committee approved Tuesday, reversing a decision by House lawmakers to cut the space agency's budget below this year's levels.",World,Sci/Tech
"Guilty Plea Seen in Computer Associates Case Steven Woghin, the former general counsel of Computer Associates, will plead guilty to criminal charges.",Business,Sci/Tech
"Spread of GM grass raises fears of crossbreeding Pollen from a genetically modified grass was found 21 kilometres from where it was planted, scientists reported in a study published Tuesday, raising fears of transgenic crossbreeding.",Business,Sci/Tech
"Walking link to low dementia risk Walking may protect the elderly from developing dementia, research suggests.",World,Sci/Tech
"Asia to outperform this year, lower growth seen in 2005: ADB (AFP) AFP - Developing Asia is set to outperform this year with higher-than-expected growth of 7.0 percent despite high oil prices but it will slow in 2005 in tandem with the developed world, the Asian Development Bank (ADB) said.",World,Business
Vodafone targets Japan with 3G offensive Vodafone has unveiled plans for 10 new third-generation handsets for Christmas to help shore up its struggling Japanese unit. Vodafone VOD.,Business,Sci/Tech
"Number of Kids on Antidepressants Drops Dramatically NEW YORK (AP) -- The number of children taking antidepressants has dropped dramatically since the Food and Drug Administration cautioned that the drugs can provoke suicidal behavior, according to a study.    Pharmacy benefit manager Medco Health Solutions found that the number of children taking antidepressants fell 18 percent in the first quarter and an additional 5 percent in the second quarter...",Sci/Tech,Business
"PeopleSoft gets closer to IBM As the threat of a hostile takeover by Oracle rumbles on, PeopleSoft has announced a \$1bn partnership with IBM. Speaking at PeopleSoft #39;s user conference in San Francisco yesterday, the company #39;s chief executive ",Business,Sci/Tech
"Saudi Arabia, Qatar, Kuwait still risky investments: study (AFP) AFP - Investing remains risky in Saudi Arabia, Qatar and Kuwait, notably because the presence of US forces in the region makes these countries vulnerable to terrorist attacks, a security consulting firm said.",Business,World
"Toyota: Some security firms promise too much If ""it sounds like you are being offered a panacea, then it's time to change the conversation,"" says an exec for the firm.",Sci/Tech,Business
"GAO: Outsourcing could hurt IT employment growth A new GAO report indicates that offshore outsourcing could hurt IT employment growth over the next decade, but the study released today is sprinkled with caveats and qualifiers and shows more study is needed.",Sci/Tech,Business
"PeopleSofts big bash See you next year in Las Vegas , proclaimed a marquee at the PeopleSoft user conference in San Francisco in late September. It was one of many not-so-subtle attempts by the company to reassure its customers ",Business,Sci/Tech
"Deal in Congress to Keep Tax Cuts, Widening Deficit Republican and Democratic leaders agreed to extend \$150 billion worth of tax cuts sought by President Bush without trying to pay for them.",World,Business
Rumours surround Google browser The search giant Google is rumoured to be working on its own web browser.,Business,Sci/Tech
"Southern Africa Faces Food, Water Crises - Study (Reuters) Reuters - Southern Africa faces major\challenges to feed its swelling populations and to keep its\wells from running dry, a study showed Wednesday.",Sci/Tech,Business
"PeopleSoft Plays Defense The business software maker inks a deal with IBM, but it isn't likely to dissuade Oracle.",Business,Sci/Tech
"In Indonesia, Businesses Hopeful After Election After suffering through two shambling administrations, Indonesia appears to have a new president who many of its business leaders say they believe will uproot corruption and revive investment.",World,Business
Feed-Tube Law Is Struck Down in Florida Case The court said that Gov. Jeb Bush violated separation of powers when he signed a law to keep Theresa Schiavo alive.,World,Business
Islands press Govt to reverse phone call decision Diplomats from a number of islands in the South Pacific are reported to be pressing the Government to reverse a decision to block all phone calls made to the islands.,Sci/Tech,World
"Dogs said to smell cancer signs  LONDON -- It has long been suspected that man's best friend has a special ability to sense when something is wrong with us. Now, the first experiment to verify that scientifically has demonstrated that dogs are able to smell cancer.",World,Sci/Tech
IBM as PeopleSoft #39;s Hero? Hardly Big Blue --a white knight? It #39;s easy to see how industry watchers got carried away with speculation that IBM (IBM ) might be riding to rescue of beleaguered PeopleSoft (PSFT ). On Sept.,Business,Sci/Tech
Baby for ovary transplant woman A Belgian cancer patient made infertile by chemotherapy has given birth following revolutionary treatment.,Sci/Tech,World
"Internet Emerging As Potent Terrorist Tool By THOMAS WAGNER     LONDON (AP) -- The images coming out of the latest hostage crisis in Iraq - capped by dramatic video of British captive Kenneth Bigley begging for his life - have transfixed Britons, left governments looking helpless, and revived a classic dilemma about whether to negotiate with terrorists.    But the plight of the British construction worker and his two murdered American colleagues has also raised new concerns about terrorists' tremendous ability to set agendas in an Internet age that makes their messages - even in the form of shocking beheading videos - all but impossible to stop...",Sci/Tech,World
Airbus drops out of Microsoft appeal Aircraft builder withdraws its request to intervene in Microsoft's antitrust appeal; Boeing also forgoes intervention.,Sci/Tech,Business
"Mom Hugs 'Miracle' Baby After Ovarian Transplant (Reuters) Reuters - Ouarda Touirat, her day-old baby\daughter nestling in her arms, said Friday she had never lost\hope that she could conceive after cancer treatment left her\infertile.",Sci/Tech,World
"Bush, Kerry Economic Budgets Exceed \$1T WASHINGTON - President Bush and Democratic Sen. John Kerry have starkly different economic priorities with a common thread: price tags exceeding \$1 trillion that could pump already huge deficits skyward over the next decade...",World,Business
"Locusts Encroach on West African Rice-Growing Area (Reuters) Reuters - West Africa's worst locust plague for 15\years has encroached on one of the region's largest\rice-growing areas, authorities in Mali said on Friday.",Sci/Tech,World
"Calif. OKs World's Toughest Smog Rules LOS ANGELES - California air regulators Friday unanimously approved the world's most stringent rules to reduce auto emissions that contribute to global warming - a move that could affect car and truck buyers from coast to coast.    Under the regulations, the auto industry must cut exhaust from cars and light trucks by 25 percent and from larger trucks and sport utility vehicles by 18 percent...",World,Business
"Dodgers Nip Giants 3-2 in Crucial Series SAN FRANCISCO - Shawn Green can sit out Saturday knowing he was a huge help to the Dodgers during their crucial series against San Francisco. Green hit a two-run homer in Los Angeles' 3-2 victory over the Giants on Friday night, a day before the first baseman will miss a game to observe the Jewish holiday Yom Kippur...",World,Sports
"Men, Women More Different Than Thought CHICAGO - Beyond the tired cliches and sperm-and-egg basics taught in grade school science class, researchers are discovering that men and women are even more different than anyone realized.    It turns out that major illnesses like heart disease and lung cancer are influenced by gender and that perhaps treatments for women ought to be slightly different from the approach used for men...",World,Sci/Tech
"Soldiers' War Blogs Detail Life in Iraq Iraq war blogs are as varied as the soldiers who write them. Some sites feature practical news, war pictures and advice. Some are overtly political, with more slanting to the right than to the left. Some question the war, some cheer it.",Sci/Tech,World
Jet lands in UK after bomb alert An Olympic Airlines flight on its way from Athens to New York is diverted to Stansted Airport after a security alert.,World,Business
A wandering Congress trips over the US Constitution That is the one-word message of advice that citizens wanted to send to members of Congress at the end of last week. Both the House of Representatives and the Senate looked as if they are having trouble seizing ,Business,Sci/Tech
"Adobe updates RAW plug-in with digital negative format Adobe has updated Photoshop #39;s support for digital cameras #39; RAW image formats. The new plug-in adds to the number of camera models supported and includes a utility for converting images into the DNG, digital negative format.",Business,Sci/Tech
"Now Virgin to offer trips to space LONDON, England -- British entrepreneur Richard Branson announced his company has signed a deal to offer the world #39;s first commercial flights to space under the branding  quot;Virgin Galactic.",Sci/Tech,Business
"Plan B Proposes Its Own Alternatives Donnie Downs, president and chief executive of Plan B Technologies Inc., said the company itself is a ""plan B.""",Sci/Tech,Business
SC to hear Zee petition tommorrow Five judges of the top court will hear a petition filed by Zee Telefilms on Tuesday. A three-judge panel of the Supreme Court said a five-judge bench would hear the dispute that threatens the rights of India #39;s ,Sports,World
"FM, Reddy to attend IMF-WB meet Finance Minister P Chidambaram will lead a high-level delegation for the annual IMF-World Bank meeting in Washington from October 1, where New Delhi would press for higher aid flows for infrastructure and social development.",Business,World
"Sports Court Hears Hamm Gold Medal Appeal LAUSANNE, Switzerland - Paul Hamm appeared before the sports world's highest court Monday to argue why he should he keep his Olympic gymnastics gold medal.    The Court of Arbitration for Sport convened to hear the appeal from a South Korean gymnast who believes he was unfairly deprived of the gold in the men's all-around event in Athens last month because of a scoring error...",World,Sports
Touchy Times at Midas The auto maintenance company has a simple business but a complicated prognosis.,Business,Sci/Tech
"Microsoft Lawyer Says Company Able To Comply with EU Antitrust &lt;b&gt;...&lt;/b&gt; Microsoft attorney Brad Smith, said:  quot;We will certainly be prepared to comply with the court #39;s order whatever it may be. We have invested a tremendous amount of time and energy and spent millions ",Business,Sci/Tech
"Dell, AOL team up in schools initiative ROUND ROCK, Texas -- Dell Inc. and America Online Inc. announced a partnership Monday to provide 5,000 low-income students with free refurbished personal computers and a year #39;s worth of Internet access.",Business,Sci/Tech
"Gold Indian Coin Expected to Fetch  #36;27,000 (Reuters) Reuters - An Indian gold coin which is nearly\1,900 years old and shows one of the earliest depictions of\Buddha is to be sold at auction where it is expected to fetch\up to 15,000 pounds ( #36;27,000).",Sci/Tech,Business
"Embattled Mortgage Giant Agrees to Meet New Standards Fannie Mae agreed to keep more cash on hand while it corrects accounting problems, a U.S. regulator said.",World,Business
"Cowboys Defeat Redskins 21-18 LANDOVER, Md. - Bill Parcells celebrated the touchdown with a big smile and his fist thrust high in the air...",World,Sports
"Gas prices up 5 cents after Hurricane Ivan CAMARILLO, Calif. - Gas prices jumped more than 5 cents a gallon in the past two weeks, largely because of supply problems related to Hurricane Ivan, an industry analyst said.",Sci/Tech,Business
"Nigerian oil flows despite rebel threat-companies Oil should continue to flow from Nigeria, the world #39;s seventh largest exporter, despite a rebel threat to attack foreign oil workers in an  quot;all-out war quot; due to start on Friday, multinational energy companies said.",World,Business
"Meet UK #39;s  #39;Dr Dolittle #39; of animal behaviour London - Lincoln University in the east of England has appointed Britain #39;s first professor of animal psychiatry, a report said on Tuesday.",Sci/Tech,World
"PC Sales Hot For 2004, But Will Soon Cool Off PC shipments in the second quarter grew faster than any three-month period since 1999, IDC said Monday, citing the continued pent-up demand for replacement systems as the driving force behind the sales surge.",Business,Sci/Tech
Oil Companies In Nigeria Say They Won #39;t Give In To Threats Major oil companies operating in Nigeria #39;s oil-rich southern region say they will not give in to threats of attacks on their facilities and employees by militias.,World,Business
"Consumer Confidence Dips in September NEW YORK - Job worries helped push consumer confidence down in September for the second consecutive month, a New York-based private research group said Tuesday.    The Consumer Confidence Index fell 1.9 points to 96.8 from a revised reading of 98.7 in August, according to The Conference Board...",World,Business
"Virgin Starts (70) Mile-High Club With the misery that has plagued the airline industry recently, the last place you #39;d expect to see some inspiring -- heck, potentially rule-breaking -- thinking would be from an airline entrepreneur.",Sci/Tech,Business
"Cendant Near Deal to Buy Orbitz for  #36;1.2 Bln-Source (Reuters) Reuters - Travel and real estate company\Cendant Corp.  is close to an agreement to buy online\travel site Orbitz Inc.  for about  #36;1.2 billion in\cash, a source close to the talks said on Tuesday.",Sci/Tech,Business
Amazon sues spammers for misleading consumers SEATTLE -- Amazon.com has filed three lawsuits in King County Superior Court against unidentified defendants who allegedly forged e-mails and Web sites to fool consumers into thinking they are doing business with the Internet retailer.,Business,Sci/Tech
"Google Shares, Once Devalued, Just May Be Winners After All Wall Street, which forced Google, the Internet search engine, to sharply lower the price of its shares in its initial public offering in August, has decided that the company is worth a lot more today than it was then.",Business,Sci/Tech
"Official: MLB to Move Expos to Washington WASHINGTON - Major League Baseball will announce Wednesday that Washington will be the new home of the Montreal Expos, bringing the national pastime back to the nation's capital for the first time in 33 years, The Associated Press has learned.    A city official, speaking on condition of anonymity, said Washington has been notified by Major League Baseball of the impending announcement...",World,Sports
"BlueGene sneaks past Earth Simulator The Earth Simulator, an NEC supercomputer, is surpassed, at last. IBM announced yesterday that its Blue Gene/L supercomputer had achieved a sustained performance of 36.",Business,Sci/Tech
Cricket: Dubai global academy The International Cricket Council are to open a global cricket academy designed to improve standards of lesser nations.,World,Sports
"Stewart #39;s Prison Chosen That prison is located in West Virginia which means that she is not headed to a facility in Connecticut or Florida, as she had hoped.",Business,World
Travelzoo Shares Rise as Offering Rumor Fades (Reuters) Reuters - Shares of Internet travel site\Travelzoo Inc.  rose nearly 4 percent on Wednesday as\market rumors of a secondary stock offering faded.,Sci/Tech,Business
"SpaceShipOne Rolls Toward Victory MOJAVE, California -- A Southern California aerospace team took a big step toward capturing the \$10 million Ansari X Prize Wednesday, but not without surviving a scary moment when the pilot found himself in a rapid spin as he roared across the threshold ",Sci/Tech,Business
Judge Clears Release of Kobe Evidence (AP) AP - A judge cleared the way for the release of documents and other evidence in the Kobe Bryant sexual assault case on Wednesday.,Sports,World
I.B.M. Agrees to Settle Part of Giant Pension Case I.B.M. said that it had agreed to pay \$320 million to its employees to settle in part a class-action lawsuit over its pension plan.,Sci/Tech,Business
"Immunity in Ebbers Case Opposed in U.S. Filing NEW YORK, Sept. 29 -- Federal prosecutors told a judge in a filing late Tuesday night that they have evidence that former WorldCom Inc. chief executive Bernard J. Ebbers knew company officials had improperly tinkered with the telecommunications firm's accounting to boost its publicly reported profits.",Sci/Tech,Business
"Poor? Who #39;s poor? Poverty is down The proportion of people living on less than \$1 a day decreased from 40 to 21 per cent of the global population between 1981 and 2001, says the World Bank #39;s latest annual report.",World,Business
"IBM Claims Its BlueGene Supercomputer Is the Fastest IBM Corp. on Wednesday said it has developed the world #39;s fastest computer - a 16,000-processor version of its BlueGene/L supercomputer.",Business,Sci/Tech
"Rough ride won #39;t stop next X Prize shot The rolling experienced by SpaceShipOne on its first Ansari X Prize flight on Wednesday will not jeopardise the team #39;s chances of winning the \$10 million purse, team members said in a post-flight briefing.",Sci/Tech,Business
"Man arrested for fatally stabbing elderly parents SAITAMA -- A middle-aged man who fatally stabbed his parents has been arrested, police said. Hideo Nakajima, an unemployed man from Soka, Saitama Prefecture, apparently called police shortly before 8 pm, Wednesday.",Sci/Tech,World
"Tough Talks Ahead After EU Is Criticized Efforts to forge the world's largest free trade zone between the European Union and South America's Mercosur economic bloc are unlikely to be concluded by an Oct. 31 deadline, the EU said Thursday, with both sides declaring each other's trade offers insufficient.",World,Business
"August Chip Sales Growth Slows on High Inventory  SAN FRANCISCO (Reuters) - Global semiconductor sales growth  slowed to 1 percent in August as electronics makers reacted to  growing inventories in Asia by limiting orders of chips, an  industry trade group said on Thursday.",Sci/Tech,Business
"Hasbro's No Conehead Its Saturday Night Live version of ""Trivial Pursuit"" is good strategy for staying ahead of age compression.",Business,Sci/Tech
"EBay Expands PayPal Buyer Protection Up to \$1,000 PayPal, eBay Inc. #39;s (EBAY.O: Quote, Profile, Research) online payment service, will expand its US buyer protection program to cover up to \$1,000 for qualified transactions, the company said on Thursday.",Sci/Tech,Business
"Netflix, TiVo sign VoD alliance Netflix, the online DVD rental company, and TiVo yesterday said they will work together to deliver movies digitally down the wires, presumably specifically to the latter #39;s PVR equipment.",Business,Sci/Tech
Research Is Definitely in Motion The Blackberry wireless device maker is straining to exceed expectations.,Business,Sci/Tech
Level 3 Acquires Sprint #39;s Wholesale Dial-Up Internet Business Level 3 today announced that it has purchased Sprint #39;s wholesale dial-up Internet access business for \$34 million in cash. Sprint is one of the largest providers of wholesale dial-up service to ISPs in North America.,Business,Sci/Tech
"Stocks Climb on Strong Economic Data NEW YORK - Newly optimistic investors sent stocks sharply higher Friday, propelling the Dow Jones industrials up more than 100 points, after economic data showed strength in manufacturing and construction. Wall Street greeted the departure of PeopleSoft Inc.'s chief executive by buying up technology shares...",World,Business
Bangkok animal trade talks open The rules controlling the trade in many at-risk wildlife species may change at a Bangkok meeting starting on Saturday. The 166 member states of the Convention on International Trade in Endangered Species of ,World,Sci/Tech
"Corporate Krueger haunts PeopleSoft A few weeks ago the then-CEO of PeopleSoft, Craig Conway, posed the following question to attendees at a technology conference:  quot;Have you ever had a bad dream that never ended?",Business,Sci/Tech
"US, Allies Far Apart on Iraq Debt Relief WASHINGTON Oct. 2, 2004 - The United States and its major economic allies struggled Saturday to resolve deep differences over how best to relieve the heavy debt burden for Iraq and the world #39;s poorest countries.",Business,World
"Lucent's history a case study in wild rides If you've ever wondered what ignited America's late-1990s obsession with telecom and tech stocks, you could well argue it all started with Lucent Technologies .",Business,Sci/Tech
"Nikkei Opens Higher (Reuters) Reuters - The Nikkei average rose 1.37 percent at\the opening on Monday as a recovery in U.S. stocks encouraged\investors to seek bargains among lagging issues, including\Canon Inc. and other high-tech issues.",World,Business
US football: Patriots' historic win New England win a record-tying 18th straight game - plus an NFL round-up.,World,Sports
"Mexico's 'Fire Volcano' Erupts, No Evacuations Yet (Reuters) Reuters - Mexico's so-called ""Fire\Volcano"" spewed lava, glowing rocks and flames on Friday in an\eruption that authorities said was not yet serious enough to\evacuate nearby villages.",Sci/Tech,World
"Bush defends tax cuts WASHINGTON, Oct 2 (AFP) - US President George W. Bush said Saturday he would renew some of the huge tax cuts that form a cornerstone of his economic rejuvenation policy and chided Democratic challenger John Kerry for opposing the cuts.",Business,World
Brewers buyer expected to step out of the shadows Monday MILWAUKEE - Paul Attanasio says the story of his brother buying a baseball team is like a script straight out of Hollywood. He should know.,Business,Sports
"Tokyo Stocks Finish 2.6 Percent Higher (AP) AP - Tokyo stocks finished sharply higher Monday, fueled by Wall Street's gains last week. The U.S. dollar was higher against the Japanese yen.",World,Business
"Fable; Nascar 2005: Chase For The Cup Fable comes with a big reputation behind it -- it was developed by Peter Molyneux, creator of such involved, engrossing games as Populous and Black and White.",Sci/Tech,Sports
"SBC links e-mail, voice messages, fax SBC on Monday announced a new service that integrates voice messages, faxes and e-mails into a single mailbox that can be accessed from anywhere by phone or the Internet.",Business,Sci/Tech
OPM Delving Deeper Into Employees #39; Backgrounds which sets hiring and employment standards for the government -- is reviewing its employees to ensure that they are suitable for jobs involving the  quot;public trust.,Sci/Tech,Business
"Navy streamlines NMCI contract Officials at the Navy and contractor EDS said they have reached an agreement to revise performance measurements on the Navy Marine Corps Intranet contract, which EDS called a critical step toward billing NMCI seats on a 100 percent basis.",Sci/Tech,Business
"Halliburton Set for Spotlight in VP Debates (Reuters) Reuters - A name likely to come up in\Tuesday's vice presidential debate is Halliburton, the Texas\company once run by Dick Cheney that Democrats say is an\example of cronyism because of its lucrative Iraq deals.",World,Business
It #39;s Time for Tech Firms to Bet on Growth Industry leaders have been offering too few innovations and too many marginal upgradesat not-so-marginal prices. There #39;s a joke going around that our lives have become so boring that we #39;ve taken up watching people play cards on TV.,Sci/Tech,Business
Supreme Court turns down  #39;Do Not Call #39; case SUPREME COURT - The Supreme Court is refusing to hear a challenge to the federal do-not-call telephone registry. Telemarketers have been trying to invoke free-speech rights to do away with the ban on unwanted phone solicitations.,Business,Sci/Tech
"Voters Flock to Register by Deadline In a glimpse of what the nation might see a month from now, people lined up at election offices and caused parking lot traffic jams as voter registration deadlines fell Monday in more than a dozen states.    Many officials reported record numbers of new voters, some said they were overwhelmed, and allegations were already flying about fraud and the disqualification of some voters' applications...",World,Sci/Tech
"PeopleSoft down on testimony, forecast Investors react to a disappointing earnings projection and to testimony that dampens hopes of negotiations with Oracle.",Sci/Tech,Business
"New Siebel Chief Outlines Chapter 2 For CRM Vendor After 10 years of focusing on product development and delivery, CEO Michael Lawrie says Siebel had to recognize that technology is only one part of the CRM equation.",Business,Sci/Tech
"Gordon Cooper, NASA Mercury Pioneer, Dies LOS ANGELES - Gordon Cooper, who was the youngest and perhaps cockiest member of the original Mercury astronauts and set the space endurance record that helped clear the way for the first moon landing, has died. He was 77...",World,Sci/Tech
"Feds kick off digital TV consumer campaign WASHINGTON - It #39;s one of the biggest technical changes in television since color TV: the digital transition. And because many Americans remain in the dark about it, federal regulators began an education campaign Monday to enlighten them.",Business,Sci/Tech
Sex Toy Shuts Down Australian Airport A scare triggered by a vibrating sex toy shut down a major Australian regional airport for almost an hour on Monday. The vibrating object was discovered on Monday morning inside a garbage can at the terminal ,World,Sci/Tech
"Russia May Ratify Kyoto Protocol in Oct. -- Minister (Reuters) Reuters - The Russian government expects\parliament to ratify the Kyoto Protocol this month in a move\allowing the long-delayed climate change treaty to come into\force worldwide, a senior minister said Monday.",Sci/Tech,World
webcrawler: A9.com is cool NOW heres something else thats off the mind. Theres no more need to make mental or computer notes while searching the Internet.,Business,Sci/Tech
Tennis: Night final for Aus Open The centenary Australian Open will be the first Grand Slam event to stage its final at night.,World,Sports
"Avaya to buy German IP telephony vendor U.S. telecommunications equipment maker Avaya Inc. increased its presence in Europe to the tune of about \$635 million on Tuesday, agreeing to acquire German enterprise communications vendor Tenovis GmbH   Co. KG.",Sci/Tech,Business
"CA aquires computer security firm Computer Associates International Inc., as promised, is back in the acquisition game, scooping up its second computer security company in as many months with an agreement to buy Netegrity Inc.",Business,Sci/Tech
How to take the perfect penalty A sports psychologist says how footballers should prepare themselves for the high-pressure penalties.,Sci/Tech,Sports
"CA to buy Netegrity for \$430 million com October 6, 2004, 7:36 AM PT. This fourth priority #39;s main focus has been improving or obtaining CRM and ERP software for the past year and a half.",Business,Sci/Tech
"Tiger Woods Ties the Knot with Swedish Ex-Nanny  LONDON (Reuters) - Former world number one Tiger Woods has  married Swedish model Elin Nordegren at the luxury Sandy Lane  resort in Barbados, the Barbados Daily Nation newspaper  reported Wednesday.",Sports,World
Islamic threaten women #39;s soccer tournament in Bangladesh The organizers of Bangladesh #39;s first women #39;s soccer tournament promised to keep playing despite protests by a Muslim group that called the event  quot;indecent and against Islamic norms quot;.,Sports,World
"Zingo keeps Manganese Bronze in red (FT.com) FT.com - Losses from its Zingo mobile phone cab-ordering service kept Manganese Bronze Holdings, maker of London taxis, in the red last year.",Sci/Tech,Business
Qatar Defense Show Focuses on Videogame Technology  DOHA (Reuters) - Rick Bracewell is driving through Baghdad  when gunmen open fire. Then a nearby dead dog strapped with  explosives blows up and his vehicle goes up in flames.,Sci/Tech,World
Plutonium: rising terror threat The radioactive element could be used to make weapons just as dangerous as enriched uranium bombs.,World,Sci/Tech
"Stern to Join Sirius Satellite Radio NEW YORK - Howard Stern has long had two words for the Federal Communications Commission - and in 15 months, he can finally utter them on the air.    The self-proclaimed ""King of All Media,"" perhaps the most influential radio voice of the last 20 years, is shifting his salacious act to satellite radio and freeing himself from the increasingly harsh glare of federal regulators...",World,Business
"Ex-Bush Official on Cybersecurity Returns (AP) AP - Howard Schmidt, a highly regarded technology executive who was former special adviser to President Bush for cybersecurity, is returning to work with the Homeland Security Department on efforts to protect the nation's computer networks.",World,Sci/Tech
"Howard Stern Says He Plans to Jump to Satellite Radio After heavy F.C.C. fines, Howard Stern expects to deliver ""my show my way"" in the mostly unregulated medium.",World,Business
"34 tech firms sued for alleged LCD patent theft Honeywell has issued lawsuits against 34 companies, including Dell, Apple, Sony and Toshiba alleging LCD panels used in their products infringe a 1992 patent the company holds.",Business,Sci/Tech
"Unisys to lay off 1,400 workers Unisys Corp. plans to cut 1,400 jobs, primarily in general and administrative areas, and consolidate its office space worldwide, it announced Wednesday. The cuts represent 3.8 percent of the company's staff of 37,000.",Sci/Tech,Business
Canada defends submarine fleet Canada has defended its decision to buy second-hand submarines after a crewman died from injuries sustained on one of the vessels that had broken down.,World,Sci/Tech
"Nintendo to Unveil Handheld Upgrade Facing its biggest threat ever from the arrival of Sony Corp. in the portable video-game machine market, Japanese game-maker Nintendo Co.",Business,Sci/Tech
"Fujitsu Siemens profit grows 60 percent Fujitsu Siemens Computers (Holding) BV, Europe #39;s largest remaining computer manufacturer, posted a 60 percent leap in profit for the first half of its fiscal year on higher sales of laptops and servers to business customers, the company said Wednesday.",Sci/Tech,Business
"Employment Picture Expected to Improve NEW YORK - A rash of job cuts - more than 10,000 layoffs just this week from a handful of companies - has created some gloom on the jobs front. But Friday's release of jobs data for September was expected to show a steady unemployment rate and creation between about 50,000 to 250,000 new jobs, though uncertainties such as the effects of last month's hurricanes kept the estimates all over the map, said Wachovia Corp...",World,Business
Woman's death probed Public health officials are investigating why a 38-year-old woman died two weeks after undergoing gastric bypass surgery at Saint Anne's Hospital in Fall River. The hospital has stopped offering the surgery during the state probe and an internal review.,Business,World
Lackluster Jobs Report Pushes Stocks Down NEW YORK - Investors pushed stocks lower Friday as a surprisingly lackluster job creation report deepened Wall Street's pessimism over the health of the economy. A solid earnings report from General Electric Co...,World,Business
Sun settles Kodak patent suit Sun Microsystems says it will pay Kodak \$92 million to settle a high-profile patent suit involving Sun #39;s Java programming technology.,Business,Sci/Tech
"Flu Shot Shortage Highlights U.S. Crisis  WASHINGTON (Reuters) - Concerned health officials began  investigating on Friday what went wrong at a British vaccine  plant where half the U.S. flu shots were made, and called on  more companies to get into the vaccine business.",Business,World
Collaboration suite to help secure tonight's Bush-Kerry debate The U.S. Secret Service and a throng of police and emergency management officials in Missouri will for the first time use a customized Microsoft-based collaboration portal to share security information during tonight's presidential debate.,Sci/Tech,World
"Martha Stewart reports to jail to begin sentence the time she had to report to the country #39;s oldest federal prison for women. service of her sentence, quot; a Federal Bureau of Prisons statement said.",Business,World
"Alstom to sign 1 billion Euro in contracts with China (AFP) AFP - The French Group Alstom Saturday will sign contracts worth up to 1 billion Euros (1.23 billion dollars) in China for the delivery of trains and locomotives, French sources with knowledge of the deal revealed to AFP.",World,Business
"Chirac, in Beijing, Signs Accords to Increase French Investment President Jacques Chirac of France declared Saturday that France was a natural trade partner for China and, during a flurry of air, rail and energy deals, he played down ",World,Business
"Shock Jock Group Boosts Satellite Radio Profile When radio shock jocks Opie and Anthony considered their next career move after two firings in four years, the twisted twosome was ready to feign rehabilitation. Or at least that was the plan when they sat down with satellite radio executives.",Sci/Tech,Business
"American Economist Expected to Win Nobel (AP) AP - Americans have dominated the annual Nobel Memorial Prize in Economic Sciences five years running, and it may not surprise Nobel watchers if the trend continues.",Business,Sci/Tech
"Study: Few Americans Buy Drugs Online NEW YORK - Only 4 percent of Americans have ever used the Internet to buy prescription drugs - and even fewer do so through foreign pharmacies - despite Web sites maintained by a handful of states to help citizens import medicines more cheaply from Canada, a new study finds.    A majority - 62 percent - believe drugs bought online are less safe than those purchased from a local pharmacy, accepting the federal government's stated concerns in opposing drug imports, the Pew Internet and American Life Project said in a report Sunday...",World,Sci/Tech
"Senate Resolves Corporate Tax Bill Delay WASHINGTON - The Senate late Sunday resolved a dispute delaying passage of a sweeping corporate tax bill and two spending bills for disaster relief and homeland security, clearing the way for senators to adjourn Monday to hit the campaign trail.    The agreement removed parliamentary roadblocks thrown up by Sen...",World,Business
Cellphone Industry Hits Snag as It Woos Untapped Market The mobile phone industry is turning its attention to the last untapped demographic - people over 65.,World,Sci/Tech
"Ken Caminiti, 1996 NL MVP, Dies at Age 41 NEW YORK - Ken Caminiti, the 1996 National League MVP who later admitted using steroids during his major league career, died Sunday. He was 41...",World,Sports
"Legendary all-rounder Miller dies Keith Miller, arguably Australia's greatest  all-rounder in Test cricket, has died in Melbourne aged 84.",World,Sports
"Intel defeats AMD in court AMD #39;s attempt to persuade the US court to sanction the release of over 60,000 pages of Intel documentation to a European Commission anti-trust enquiry has failed.",Business,Sci/Tech
"Oil Surges to New Intraday High in Europe (AP) AP - The price of crude oil surged to a new intraday high of US #36;53.42 in European trade Monday, despite assurances from Middle East oil producers that they were committed to bringing the price down as a strike began in Africa's largest exporter.",World,Business
Finnish Watchdog Raps TV Game Operators (Reuters) Reuters - Finland's consumer watchdog said on\Monday it had reprimanded broadcasters for causing children to\run up huge mobile phone bills with interactive television game\and chat programs.,World,Sci/Tech
"Oracle #39;s Catz Sees PeopleSoft Profit Declining (Update1) PeopleSoft Inc. #39;s profit may drop significantly #39; #39; this year, and the company may have trouble surviving on its own, Oracle Corp.",Business,Sci/Tech
"Another Oracle exec says company might lower offer price for &lt;b&gt;...&lt;/b&gt; WILMINGTON, Del. Another Oracle executive says the company could lower its offering price for rival PeopleSoft. During testimony this morning in Delaware, Oracle co-president Safra Catz said PeopleSoft #39;s declining ",Business,Sci/Tech
"World ; Bigley: I want to live a simple life, the final plea World News, The nearly five-minute tape was released two days after Bigley #39;s family said it had the proof that the 62-year-old engineer from Liverpool was killed.",World,Sports
Cocoa farmers issue strike threat Unions are threatening a general strike in the Ivory Coast in a protest against the prices farmers are paid for their cocoa supplies.,Business,World
"Linux: Paris weighs a shift to open-source camp PARIS The open-source computer system known as Linux won a tough battle over Microsoft earlier this year when the city of Munich decided to change the operating software of 14,000 government computers, despite the personal intervention of Steve Ballmer ",Business,Sci/Tech
"SKorea's Samsung to invest 24 billion dollars in new chip lines (AFP) AFP - South Korea's Samsung Electronics Co., the world's largest memory chipmaker, said it would invest some 24 billion dollars in building new chip production lines over the next six years.",World,Sci/Tech
"Kenyan Laureate Urges Rich Nations to Ratify Kyoto (Reuters) Reuters - Kenya's Nobel Peace Prize winner,\Wangari Maathai, on Monday urged wealthy nations to ratify the\Kyoto protocol on climate change to ease the burden of\pollution on poor countries.",Sci/Tech,World
"Oracle considers lower PeopleSoft offer Oracle Corp could reduce its offer for PeopleSoft Inc by as much as a third, to \$2.5 billion or \$14 a share, to reflect declining performance at the rival company, an Oracle executive reportedly testified yesterday.",Business,Sci/Tech
"Prosecutors Say Ebbers Lied to Obtain Loans Court documents show federal prosecutors have told lawyers for former WorldCom Inc. chief executive Bernard J. Ebbers that they plan to argue he lied about the telecommunications giant's financial condition in order to get personal loans. &lt;FONT face=""verdana,MS Sans Serif,arial,helvetica"" size=""-2""\ color=""#666666""&gt;&lt;B&gt;-The Washington Post&lt;/B&gt;&lt;/FONT&gt;",Sci/Tech,Business
Cricket: Tendulkar to miss test Sachin Tendulkar is almost certain to miss Thursday's second Test against Australia in Madras.,World,Sports
"Oil Prices, Earnings Send Stocks Lower NEW YORK - Investors sent stocks lower Tuesday as oil prices crossed another milestone, \$54 per barrel. Earnings reports from heavyweights Johnson   Johnson and Merrill Lynch   Co...",World,Business
"Microsoft Launches New Media Center PC Microsoft Corp. MSFT.O on Tuesday unveiled a new version of its Windows XP Media Center, adding features such as instant messaging and high-definition television to a personal computer designed for the living room.",Business,Sci/Tech
Rumors Suggest Photo Ability To Be Added to iPod  quot;Apple has invested heavily in technology to edit pictures. Not having a portable device to show them seemed an obvious oversight that would be corrected once the price of the displays ,Business,Sci/Tech
Amazon Leaves Jungle Business The company has no further expansion plans after buying a Chinese website. Also: Virgin joins quest for a better iPod   hellip;. PeopleSoft makes promise that Oracle will live up to   hellip;. and more.,Business,Sci/Tech
"DreamWorks Animation IPO Set at 29M Shares Underwriters for DreamWorks Animation SKG Inc., producer of the blockbuster ""Shrek"" movies, Tuesday set the terms of the company's pending initial public offering at 29 million common shares, with an estimated price range of \$23 to \$25 a share.",Sci/Tech,Business
"FCC Proposes \$1.2M Indecency Fine for Fox WASHINGTON - Federal regulators proposed a record indecency fine of nearly \$1.2 million Tuesday against Fox Broadcasting Co. for an episode of its reality series ""Married by America"" that included graphic scenes from bachelor and bachelorette parties...",World,Business
"Ljubicic Downs Hanescu at Open De Moselle Top-seeded Ivan Ljubicic of Croatia beat Victor Hanescu of Romania 6-4, 6-4 Tuesday in the first round of the Open de Moselle.",World,Sports
"Intel Posts Higher Profit, Sales Computer-chip maker Intel Corp. said yesterday that earnings for its third quarter were \$1.9 billion -- up 15 percent from the same quarter a year ago -- but the company cautioned that computer-processor demand in the United States is likely to remain low.",Sci/Tech,Business
"Thailand Shows No Easy War Against Wildlife Crime (Reuters) Reuters - With an AK-47 assault rifle slung over\his shoulder, Sompong Prajobjan roamed one of Thailand's lush\national parks for more than a decade.",Sci/Tech,World
Excess chips a drag on 3rd-quarter Intel results Intel on Tuesday released third-quarter financial results showing that it continues to struggle to sell a substantial stockpile of computer chips as demand for personal computers remains slow.,Business,Sci/Tech
Football: Azerbaijan 0-1 England Michael Owen heads England's winner in the World Cup qualifier against Azerbaijan.,World,Sports
Ban for former Ahold executives Dutch  retailer Ahold's former chairman and its ex-finance officer are barred from executive posts as part of a US fraud case settlement.,World,Business
"PeopleSoft Execs Defend Bid Rejection PeopleSoft Inc. #39;s (PSFT.O: Quote, Profile, Research) chief financial officer on Wednesday said the company #39;s customer assurance program might not force liabilities on Oracle Corp.",Business,Sci/Tech
"Sony looks under the Christmas tree Americans will go gadget shopping this holiday season even if oil prices go up, Sony execs say.",Sci/Tech,Business
"Bourses set for losses after Wall St falls (FT.com) FT.com - European equity markets were poised for opening losses on Thursday following a weak session on Wall Street overnight, while caution was likely ahead of results from Nokia, the leading mobile handset maker.",Sci/Tech,Business
"Thai minister says zoo #39;s illegal orangutans to be moved JAKARTA/BANGKOK (DPA): Thailand, under growing pressure to repatriate some 100 orangutans allegedly smuggled into the country from Indonesia, plans to shift the apes from a private zoo to a safe centre, probably in Chiang Mai, a minister said on Thursday.",Sci/Tech,World
"Oil exports flow as strike woes ease A general strike in Nigeria, which has raised fears over oil supply from the world #39;s seventh-largest exporter, will likely end its first phase on Thursday  quot;all going well quot;, union leaders said.",World,Business
"Diesels, Hybrids Fated to Wed Two leading technologies used in fuel-efficient vehicles seem destined to unite. Industry experts say joining hybrid motors with diesel engines would result in the greenest mainstream vehicles ever, and the initial tests are promising.",Business,Sci/Tech
"Munro, Morris Face Off in NLCS Game 2 ST. LOUIS - The Houston Astros put their hopes in a pitcher untested in the postseason when they give Pete Munro the ball to start Game 2 of the NL Championship series on Thursday, one night after dropping the opener to the St...",World,Sports
"FCC exempts fiber-to-curb from sharing requirements The Federal Communications Commission Thursday voted to allow incumbent telephone carriers from sharing fiber-to-the-curb deployments from competitors, prompting one incumbent to announce an accelerated fiber rollout.",Business,Sci/Tech
How an L.A. city department  fought off user resistance An administrator with the Los Angeles municipal government explains how his department was able to turn user resistance from the police and fire departments among others into an \$11 million purchasing and accounts payable system.,Sci/Tech,Business
Sun Micro Posts Narrower Quarterly Loss  SAN FRANCISCO (Reuters) - Network computer maker Sun  Microsystems Inc. on Thursday posted a narrower quarterly loss  as revenue rose for the second consecutive quarter on higher  sales of servers after three years of declines.,Business,Sci/Tech
"Sun Reports Smaller Loss and Calls It a Turnaround As it struggled to increase sales and cut costs, Sun Microsystems managed to reduce its net loss in the first quarter to \$174 million.",Sci/Tech,Business
"September Retail Sales Up by 1.5 Percent WASHINGTON - Shoppers got their buying groove back last month, propelling sales at the nation's retailers by a strong 1.5 percent. It was the best showing since March...",World,Business
"India, Russia must work together on new tech: Putin BANGALORE, DEC 5: Russian President Vladimir Putin has called upon India and Russia to work together on innovative technologies with younger generation taking the lead.",World,Sci/Tech
"For Many Airline Pilots, the Thrill Is Gone While pilots still feel in command in the air, they increasingly are feeling slighted on the ground, as airlines extract salary and benefits concessions from them.",World,Business
Warne takes six but India establish handy lead (Reuters) Reuters - World test wicket record holder Shane Warne grabbed six wickets as India established a handy 141-run first innings lead in the second test on Saturday.,World,Sports
Rugby: Kiwis earn draw New Zealand hold Australia 16-16 in the first game of the 2004 Tri-Nations series.,World,Sports
"Kerry to reverse stem cell policy US presidential candidate John Kerry says he will make stem cell research a priority, dropping George Bush's policy.",World,Sci/Tech
"UPDATE 2-Cricket-Malik reported for suspect action  Cricket-ICC clears Zimbabwe Cricket Union of racism October 17, 2004 14:05:37 LAHORE, Pakistan, Oct 17 (Reuters) - A special report by an International Cricket Council (ICC) inquiry commission has ruled there is no evidence of racism within the ",Sports,World
"Sun posts narrower quarterly loss OCTOBER 14, 2004 (REUTERS) - SAN FRANCISCO -- Sun Microsystems Inc. today posted a narrower quarterly loss as revenue rose year over year for the second consecutive quarter after three years of declines, sending shares slightly higher.",Sci/Tech,Business
"Toughest athlete is female and unknown You probably haven't heard about one of the toughest endurance sports around: the deca-ironman. That's 38 km swimming, immediately followed by an 1800 km bicycle ride and a 420 km run. Currently, the world record stands at about 187 hours, held by a German housewife. Nobody else has ever finished the course below 192 hours.  ",Sci/Tech,Sports
"ICC probe clears Zimbabwe of racism in cricket LAHORE, Pakistan (AFP) - The International Cricket Council said yesterday a probe had found no evidence of racism in Zimbabwe cricket and that the Test status of the country #39;s team was never in question.",Sports,World
"US consumers unaware of spyware The findings come in a report from the newly formed Consumer Spyware Initiative, a joint effort by Dell and the non-profit Internet Education Foundation that aims to increase awareness of spyware.",Business,Sci/Tech
"Wi-Fi successor is called high-speed hype -- for now SAN FRANCISCO -- At virtually every turn, Intel Corp. executives are heaping praise on an emerging long-range wireless technology known as WiMAX, which can blanket entire cities with high-speed Internet access.",Business,Sci/Tech
"Calif. Mental Health Services May Expand (AP) AP - As pressures increase on California's mental health system, its workers and advocates say they are forced to do more with a supply of money that seems to shrink each year.",World,Sci/Tech
UN 'must ignore cloning ban call' The UK's Royal Society urges the UN to ignore a call by President Bush to ban all forms of human cloning.,Sci/Tech,World
"Google puts desktop search privacy up front Google has announced a new desktop search application that enables users to search their e-mail, files, web history, and chats. Perhaps learning from previous mistakes, Google says it has designed the product  quot;from the ground up to respect user privacy.",Business,Sci/Tech
Glazer buys more Man United shares American business tycoon Malcolm Glazer has increased his stake in Manchester United by buying another 17million worth of shares in the club.,Sports,Business
Tennis: Davenport to play on Lindsay Davenport says she plans to play in the Australian Open next January.,World,Sports
"Stocks Edge Higher As Oil Prices Retreat NEW YORK - A sharp drop in oil prices gave Wall Street a modest relief rally Monday, with stocks edging higher on news that oil production had soared during the month of September.    Investors who have sold stocks for months as oil prices climbed reversed course Monday and started buying as the price of crude declined...",World,Business
"USC, Miami Top BCS Standings, Not Okla. Southern California took the top spot Monday in the season's first Bowl Championship Series standings, and surprisingly Miami is ahead of Oklahoma in a close race for the second spot.    Oklahoma is No...",World,Sports
"IBM posts broad Q3 revenue growth NEW YORK - IBM Corp. posted quarterly results on Monday showing 9 percent revenue growth from last year and slight earnings growth, despite a \$320 million charge it took during the quarter to settle some claims in a lawsuit over its pension plan.",Sci/Tech,Business
"Glazer stake in Man Utd nears 30 US tycoon Malcolm Glazer lifts his stake in Manchester Utd to 28.11, one day after spending 17m on  further share buys.",World,Business
"Greenspan: Debt, home prices not dangerous The record level of debt carried by American households and soaring home prices do not appear to represent serious threats to the US economy, Federal Reserve Chairman Alan Greenspan said Tuesday.",Sci/Tech,Business
"Ancient fungus 'revived' in lab Fungus from a deep-sea sediment core that is hundreds of thousands of years old will grow when placed in culture, scientists discover.",World,Sci/Tech
F1: British Grand Prix ruled out Jackie Stewart rejects Bernie Ecclestone's claims that the British Grand Prix is dead.,World,Sports
Web-based kidney match raises ethics questions A Colorado man who placed a  quot;transplant wanted quot; ad on a Massachusetts-based Internet site is expected today to receive a kidney donated by a total stranger who simply wanted to do  quot;something big. quot; The transaction marks the first time an organ transplant has been brokered by a commercial web company.,Business,Sci/Tech
"Motorola Quarterly Earnings Rise Motorola Inc., the world's No. 2 maker of cell phones, on Tuesday said its quarterly profit\more than tripled, as sales rose 26 percent, driven in part by a host of new handset models and cost controls.",Sci/Tech,Business
"Bookies take bets on new Band Aid Bookies take bets on a new Band Aid single being Christmas No 1, expected to be confirmed by Midge Ure.",World,Business
Cricket: Pakistan edge ahead Pakistan take a slim lead over Sri Lanka by the end of the day two in the first Test.,World,Sports
"General Assembly committee opens two-day debate on anti-cloning &lt;b&gt;...&lt;/b&gt; The UN General Assembly #39;s legal committee begins a two-day debate today that will focus on the contentious issue. There is support among member states for a treaty banning human cloning, but divisions remain ",Sci/Tech,World
"America #39;s curse There is an all but unanswerable case for asserting that the biggest story out of the United States this week has nothing to do with the presidential election, has no connection with the flu vaccine shortage and that it does not involve a gay bishop either ",Sports,World
Erdogan Believes European Council #39;s Decision Will Be A Milestone PARIS - Turkish PM Recep Tayyip Erdogan expressed belief on Thursday that the decision that the European Council would make on December 17th (on whether and when to open negotiations with Turkey) would be a milestone for not only Turkey-(EU) relations ,Business,World
"City Series-ly wounded With the Yanks out of the World Series, the city #39;s economy loses out on at least \$40 million, according to studies by the controller #39;s office and other city agencies.",Sports,Business
Sri Lanka off to positive start Kumar Sangakkara's unbeaten fifty revives Sri Lanka's chances against Pakistan.,World,Sports
EU launches graphic tobacco ads The European Commission launches graphic images showing the damage smoking can do to people's health.,World,Sci/Tech
"Avis blames IT for multimillion-dollar loss The car rental company takes a major hit because of problems with IT, including high costs associated with an ERP project.",Sci/Tech,Business
"Amazon.com net sales jump 29; Google reports \$52M in net income OCTOBER 22, 2004 (IDG NEWS SERVICE) - Amazon.com Inc. fell a penny short of analysts #39; per-share earnings expectations, while reporting net sales of \$1.",Sci/Tech,Business
"India, Russia must join hands to develop new tech: Putin Mr Vladimir V. Putin, President of the Russian Federation, Mr NR Narayana Murthy, Chief Mentor and Chairman, Infosys, and Mr Nandan Nilekani, CEO and Managing Director, at the Infosys campus in Bangalore on Sunday.",World,Sci/Tech
"Google Results Revive 'Dot-Com' Fervor  NEW YORK/SAN FRANCISCO (Reuters) - Shares of Google Inc.  rose as much as 20 percent on Friday, to trade at more than  twice the level of its cut-price IPO, after the Web search  leader posted strong quarterly results in its first reported  quarter as a public company.",Business,Sci/Tech
"Google #39;s New PC Search Tool Poses Risks NEW YORK Oct. 18, 2004 - People who use public or workplace computers for e-mail, instant messaging and Web searching have a new privacy risk to worry about: Google #39;s free new tool that indexes a PC #39;s contents for quickly locating data.",Business,Sci/Tech
"Revolving Door  &lt;em&gt; IN&lt;/em&gt;&lt;br&gt;   Aylwin B. Lewis,  president of Yum Brands, as chief executive of Kmart.",World,Business
"Ontario won #39;t help other provinces squeeze Ottawa for more &lt;b&gt;...&lt;/b&gt; Premier Dalton McGuinty sent a shot across the bow of have-not provinces Sunday, warning that Ontario will not support efforts to wring billions more in equalization payments out ",Business,World
"Approval Expected for Big Cellphone Deal Federal regulators will formally approve Cingular Wireless #39;s \$41 billion purchase of AT amp;T Wireless today, company officials briefed on the matter said over the weekend.",Sci/Tech,Business
"Regulators Let Cingular Buy AT amp;T Wireless The \$41 billion merger between Cingular Wireless LLC and AT amp;T Wireless Services Inc. won approval from the Federal Communications Commission yesterday, according to federal sources close to ",Sci/Tech,Business
Hynix's 3Q Profit More Than Triples (AP) AP - South Korea's Hynix Semiconductor Inc. said Monday its third-quarter net profit more than tripled from same period last year thanks to steady global prices for memory chips.,World,Sci/Tech
"Classmates agrees to \$100M buyout United Online Inc., a California-based provider of low-cost Internet subscription services, has agreed to buy Internet networking company Classmates Online Inc.",Business,Sci/Tech
"Spyware opponents win another battle The Federal Trade Commission won an important victory last week in its fight to protect consumers from spyware, the software that tracks unsuspecting Web surfers, bombards them with advertisements and sometimes even steal login information and passwords.",Business,Sci/Tech
"Ispat, LNM, ISG merge to form world's largest steelmaker (AFP) AFP - Dutch steel groups Ispat International and LNM Holdings, both run by Indian businessman Lakshmi Mittal, said they had agreed to merge with US International Steel Group to form the world's largest steelmaker.",World,Business
"Miss Peru takes Miss World crown Twenty-year-old Miss Peru has been crowned Miss World in a southern Chinese resort town, as China looks to become the regular host of an event that would have once been deemed heretical by its Communist leaders.",Sports,World
"Australia 362-7 v India, third test - close (Reuters) Reuters - Australia were 362 for seven wickets at the close of play on the first day of their third cricket test against India on Tuesday.",World,Sports
"Lockheed Profit Jumps on IT, Jet Demand &lt;p&gt;\&lt;/p&gt;&lt;p&gt; NEW YORK (Reuters) - No. 1 U.S. defense contractor Lockheed\Martin Corp. &lt;LMT.N&gt; reported a 41 percent rise in quarterly\profit on Tuesday, beating Wall Street forecasts, as demand\soared for its combat aircraft and information technology\services.&lt;/p&gt;",Sci/Tech,Business
"Cingular, AT amp;T deal gets an OK from Justice (USATODAY.com) USATODAY.com - Justice Department antitrust regulators cleared the way Monday for Cingular Wireless'  #36;41 billion acquisition of AT amp;T Wireless Services (AWE), a crucial step toward creating the nation's largest wireless telephone company.",Sci/Tech,Business
"E.U. Regulators Approve Oracle's PeopleSoft Bid European Union antitrust regulators on Tuesday cleared Oracle Corp.'s hostile \$7.7 billion bid for rival business software maker PeopleSoft Inc., removing one of the last major hurdles to the contested takeover proposal.",Sci/Tech,Business
"EU Head Office Trims 2005 Growth Forecast (AP) AP - The European Union's head office issued a bleak economic report Tuesday, warning that the sharp rise in oil prices will ""take its toll"" on economic growth next year while the euro's renewed climb could threaten crucial exports.",World,Business
"Microsoft Readies Next Business IM Server A little over a year after introducing the first version of Office Live Communications Server, Microsoft says it plans to release the next version of its enterprise instant messaging software, in December.",Business,Sci/Tech
"FaceTime, IMlogic Back Live Communications Server 2005 Hard on the heels of Microsoft announcing that it #39;s taken Live Communications Server 2005 gold, instant messaging management software vendors IMlogic and FaceTime on Tuesday both touted their support for the communication product.",Business,Sci/Tech
"Broadcom taps ex-Philips executive as CEO Scott McGregor, former head of Royal Philips Electronics' semiconductor division, will replace Alan Ross, who plans to retire.",Sci/Tech,Business
Dodge denies Copps charge that Martin wanted to scrap Canada Health Act (Canadian Press) Canadian Press - OTTAWA (CP) - Add the governor of the Bank of Canada to the list of people who say Sheila Copps has a faulty memory.,World,Business
"Paterno #39;s real tragedy may be not knowing when to go Joe Paterno often has talked about the profound impact that a piece of classic literature has had on his life. While a student at Brooklyn Prep in the early 1940s, he devoured TheAeneid, written by the Roman poet Virgil.",Sports,Sci/Tech
Singapore Telecom ties up with Malaysia's TIME dotcom (AFP) AFP - Singapore Telecommunications (SingTel) said it has entered into an agreement with Malaysia's TIME dotCom to link their corporate customers through private leased line circuits.,Sci/Tech,Business
"BHP Billiton, Alcoa sell Integris Metals for 359 million pounds (AFP) AFP - Anglo-Australian mining giant BHP Billiton and Alcoa, the world's largest aluminium producer, have agreed to sell their metal services joint venture Integris Metals for 660 million dollars (359 million pounds) including debt, a joint statement said.",World,Business
"Henman Sails at the Swiss Indoors &lt;p&gt;&lt;/p&gt;&lt;p&gt; By Mark Ledsom&lt;/p&gt;&lt;p&gt; BASEL (Reuters) - Britain's world number four Tim Henmanwon his opening match at the Swiss Indoors tennis tournamentwith little difficulty on Wednesday, beating Frenchman AntonyDupuis 6-3, 6-4.&lt;/p&gt;",World,Sports
Storms batter Cornish coastline \Flooding causes chaos for homeowners all along Cornwall's south coast as 80mph winds hit land.,World,Business
"Black Market in British Treasure Sold on EBay (Reuters) Reuters - Pieces of Britain's past, including a\second-century silver ring and a 500-year-old Tudor trade\weight, are among artifacts being peddled daily on the Internet\to the alarm of experts at the British Museum.",World,Sci/Tech
"Report finds handheld device market in continued decline The worldwide market for handheld devices saw its third successive quarter of year-over-year decline in the third quarter of 2004, according to a new report released by IDC.",Business,Sci/Tech
"Yahoo Debuts Mobile Search SAN FRANCISCO -- Yahoo (Quote, Chart) expanded its search empire to the mobile arena with the launch of some additional services. The company was one of the original content providers for mobile devices running ",Business,Sci/Tech
"Lexmark Loss Good for Consumers Lexmark's loss in court on Tuesday may mean that consumer electronics companies won't try to use the Digital Millenium Copyright Act as an all-purpose competition shield anymore, consumer advocates say. By Katie Dean.",Business,Sci/Tech
"Stability Control Systems Can Save Lives (AP) AP - Stability control systems could save up to 7,000 lives each year if they were standard equipment on all vehicles, according to a study by the insurance industry.",World,Sci/Tech
"Attack prompts Bush website block The re-election website of President Bush is blocking overseas visitors because of ""security reasons"".",Sci/Tech,World
"When Wireless Networks Merge Now that its \$41 billion takeover of AT T Wireless has been completed, Cingular will spend hundreds of millions of dollars in coming weeks on its advertising campaign.",Sci/Tech,Business
AOL Files Lawsuit Against IM  #39;Spim #39; America Online Inc. said Thursday it had filed a federal lawsuit accusing numerous unnamed defendants of violating federal and state laws by sending bulk messages known as  quot;spim quot; to instant message accounts and Internet chat rooms.,Business,Sci/Tech
"Racing in an Evening Gown (Forbes.com) Forbes.com - Not every driver was dressed formally for the start of this year's Bullrun, a road rally that begins in London, at the Marble Arch, and ends three days later in Ibiza, Spain. Yet as drivers thrummed their engines nervously on the afternoon of Sept. 23, waiting for the checkered flag, a quick inspection of the field revealed one entrant clad in an Oxford shirt and gray pinstripe blazer, another sporting a tuxedo, and a third--me--wearing a red couture Matthew Earnest gown.",Business,Sports
"AOL, E-Mail Companies Sue Spammers The nation #39;s largest e-mail providers today filed a new round of lawsuits against Internet spammers allegedly responsible for shoveling millions of junk e-mail messages into computer users #39; in-boxes and their instant messaging screens.",Business,Sci/Tech
"Gateway Reports Smaller Quarterly Loss Gateway Inc. reported a narrowed net loss in the first quarter as it continues to restructure its operations and integrate its acquisition of eMachines. Still, the personal computer and electronics company posted a tiny operating profit -- its first in nearly three years.",Sci/Tech,Business
"Blame player, not game It was like nothing youd ever exercised your thumbs to before. You could do whatever you wanted, whenever you wanted. The game seemed endless.",Sci/Tech,Sports
"Dems, GOP: Who's Got the Brains? Well, both do, actually. But there are some discernible differences in brain activity which may just explain why a Democrat sees the world one way, and a Republican sees it another.",Sci/Tech,World
"EU Clears Flextronics Purchase of Units (AP) AP - European Union regulators Friday cleared Singapore's Flextronics International Ltd., the world's largest contract electronics manufacturer, to acquire factories from Canada's Nortel Networks Corp.",World,Sci/Tech
"Times to Scrap Broadsheet Edition The Times is to scrap its broadsheet edition and go tabloid from Monday, it was confirmed today. The decision was made after a trial run of the compact edition proved a success, said editor Robert Thomson.",Sports,Business
AOL's Viral Marketing America Online will now provide gratis antivirus protection to its subscribers.,Business,Sci/Tech
"Times to go completely compact The Times newspaper has announced that it is to move on from its tradition of publishing in a broadsheet format and will appear in a compact size only, starting on Monday.",Sci/Tech,Business
"THE UNFOLDING UNIFORM Pakistan is inherently unstable. Dealing with them is like playing with matches in a forest. - Larry Pressler. That statement from Larry Pressler, made during his recent visit to India, coincided with ",World,Sports
"Update 1: Oracle Raises Offer for PeopleSoft Software manufacturer Oracle Corp. said Monday that it raised its hostile bid for rival PeopleSoft Inc. to \$24 per share from \$21, and said the new price represents the company #39;s  quot;best and final offer.",Business,Sci/Tech
"China closes more Internet cafs Chinese authorities have between February and August of this year closed 1,600 Internet bars. In additional fines amounting to a total of 100 million yuan (9.",Sci/Tech,Business
"London Times goes strictly tabloid After more than two centuries as a broadsheet newspaper, The Times of London has gone strictly tabloid. On Monday, The Times moved to a totally compact format after almost a year of dual publication.",Sci/Tech,Business
Relaxed pot possession bill returns OTTAWA -- The long push to reform marijuana laws took a big step forward yesterday as the federal government re-introduced legislation decriminalizing possession for personal use.,World,Business
"Volkswagen May Be Close to Settling Its Wage Talks Volkswagen and its workers entered a critical week in their wage negotiations on Monday, with signs that a compromise was taking shape even as protests flared at factories across Germany.",World,Business
"AOL to cut 700 jobs America Online Inc. (AOL) plans to lay off 700 employees, about 5 percent of its US workforce, by the end of the year, several news organizations reported Tuesday.",Business,Sci/Tech
"AOL Is Said to Plan 700 Layoffs America Online, the country #39;s leading Internet service, is preparing to lay off as many as 700 of its 13,000 employees in the United States, according to an executive knowledgeable about its plans.",Business,Sci/Tech
"Gateway Can Party Like It #39;s 1999 Those were heady days, they were, back in 1999. The bull market was still roaring. We hadn #39;t yet heard of hanging or dimpled chads.",Sci/Tech,Business
"Delta #39;s Aborted Crash Landing If you #39;ve ever been in an airplane that has to abort a landing, you know that it is a completely hair-raising, disorienting experience.",Business,Sci/Tech
"SIA: Chip sales to hit record, flatten Worldwide semiconductor sales will hit an all-time high in 2004 but stay relatively flat in 2005 before climbing again over the next two years, according to the Semiconductor Industry Association.",Business,Sci/Tech
"Quick end to US election crucial US President George W. Bush is on the verge of a re-election victory, but Democratic challenger John Kerry is not conceding defeat, at least not now.",Business,World
"Update 1: Toshiba, TCL to Cooperate on Appliances Focusing on the fast-growing Chinese market, Japan #39;s Toshiba and major Chinese appliance maker TCL have signed a broad agreement to cooperate in making and marketing appliances in China, the companies said Thursday.",Business,Sci/Tech
New EU Executive Chief Announces Revamped Team The incoming head of the European Union #39;s executive body has announced changes to his group of commissioners and says he is ready to go to the European Parliament to seek its approval of his team.,World,Business
"Locusts Devastate Mauritania Crops, Others Escape (Reuters) Reuters - Crop-devouring locusts have caused major\damage to cereals in Mauritania but other West and Central\African states have suffered much less than feared from the\worst infestation in over a decade, the U.N. said on Thursday.",Sci/Tech,World
"Calif. Voters Back  #36;3 Billion Stem Cell Measure (Reuters) Reuters - A controversial California ballot\measure that would fund a decade of stem cell research with  #36;3\billion in state money was headed for a resounding victory on\Wednesday, initial returns showed.",Sci/Tech,Business
Confident Bush Outlines Ambitious Plan for 2nd Term President Bush said he would begin work immediately on his proposal to overhaul Social Security.,World,Business
"Another homicide in Holland  It is a sad day.      In what seems to be another politically inspired homicide in Holland, Dutch filmmaker, and controversial columnist Theo van Gogh was brutally murdered in the streets of Amsterdam this morning.",Sci/Tech,World
"Argentina Basketball Coach Magnano Quits Ruben Magnano, who coached Argentina to the Olympic basketball gold medal in Athens, resigned Thursday to accept a coaching job in Italy.",World,Sports
"Product Previews palmOneUpgrades Treo With Faster Chip, Better Display\With more than 600,000 units shipped, the Treo 600 is one of the big smartphone success stories. Last week, palmOne introduced the follow-on Treo 650 with a higher resolution 320-by-320-pixel TFT screen, which the company claims increases the visible area of the display and makes pictures and documents much clearer. The 650 also carries a removable battery; 32MB of flash memory, and a faster 312MHz, Intel XScale processor. Improved multimedia features include a built-in MP3 player, a digital camera with improved low-light capabilities, as well as video capture and playback functionality. Products are expected to ship by years end from some carriers who will add their own services, and will be priced at about \$499.\ Treo 650, palmOne",Business,Sci/Tech
"Dell, Philips cut \$700 million deal Dell will supply PCs, managed services and application packaging services to Philips Electronics worldwide, the two companies said Thursday.",Sci/Tech,Business
Dubai first to breed at-risk bird A zoo in the Gulf has bred a bird which is threatened by the fast pace of development in the region.,Sci/Tech,World
Wells Fargo computers stolen Identity thieves may have obtained information on thousands of Wells Fargo mortgage and student loan customers.,Sci/Tech,Business
Japan Airlines Sees Profit on Int'l Travel (AP) AP - Japan Airlines Corp. said Friday that it returned to profitability in first half of the fiscal year as international travel picked up from a decline a year ago caused by the war in Iraq and the SARS outbreak in Asia.,World,Business
"Serial HIV Assault Verdict Expected Mon. (AP) AP - A verdict will be announced Monday in the trial of a man charged with intentionally exposing 17 women to HIV, a county judge said.",Sci/Tech,World
"Contradiction in Terms : How to make beer It's been around for thousands of years. It has been worshiped, reviled, banned, and made the cornerstone of economies. It has helped us celebrate, weep, relax, and get laid. And now we're going to make some. A pint, a glass, an ale, a lager, a beer.",Sci/Tech,Business
Hope Fades for Saving 2 Boys Stuck in Mexico Cave (Reuters) Reuters - Hopes of rescuing two small boys\trapped for five days in a jungle cave faded fast on Friday\after contact was lost with the brothers and as the cavern\flooded in overnight rains.,Sci/Tech,World
Flat-screen TV prices are falling for holidays But trend provokes industry unrest; panel makers call for drop in retail markups to move units. By Evan Ramstad and Gary McWilliams.,Sci/Tech,Business
"South Korea planning huge spending to revive economy: report (AFP) AFP - The South Korean government is preparing a huge  quot;New Deal quot; spending package in the next few years to revive the country's sagging economy, Yonhap news agency said.",Business,World
"Travelocity Says Speed Is the Ticket For Growth Sam Gilliand, the chief executive of Travelocity, talks about the online travel industry, the Cendant-Orbitz merger and the woes of the airline industry.",Sci/Tech,Business
"Study raises stent doubts Heart patients aren #39;t more likely to live long term after getting the artery-opening tubes called stents, according to a study released yesterday by researchers at Duke University.",Business,Sci/Tech
"PM welcomes EU partnership Prime Minister Manmohan Singh arrived in the Hague last night to participate in the India-European summit.  quot;In recognition of Indias growing stature and influence, the EU has proposed a strategic partnership with India.",Business,World
"Microsoft Settles Novell Antitrust Suit (Reuters) Reuters - Microsoft Corp.  said\on Monday it agreed to settle antitrust lawsuits with Novell\Inc.  and an industry trade group, marking the end of a\decade-long antitrust battle.",Business,Sci/Tech
"Colombia Accuses Cos. of Illegal Imports The Colombian government has filed a lawsuit accusing Pernod Ricard SA, Diageo PLC and Seagram Export Sales Co. of illegally importing spirits via Colombian companies that launder drug money.",World,Business
"Karp team won't buy Fan Pier For the second time in less than two months, a prospective buyer of the prime Fan Pier land in South Boston has pulled out of a deal.",Business,Sports
Australia in grip of water crisis There is a warning that some of Australia's major cities could run out of drinking water.,Sci/Tech,Business
"AMD et Chartered signent des contrats d #39;approvisionnement et de &lt;b&gt;...&lt;/b&gt; SUNNYVALE, Calif. and SINGAPORE--(BUSINESS WIRE)9 Novembre 2004--Chartered adopte la fabrication de prcision automatise d #39;AMD et prvoit de fabriquer des processeurs AMD64 en 2006.",Sci/Tech,Business
"Supreme Court Asked To Hear File-Sharing Arguments The file-sharing legal battle has moved to the Supreme Court, with a group composed of labor unions, sports leagues and state attorneys general asking for a hearing on a claim brought ",Sci/Tech,Sports
"Cocoa prices down but Ivorian exports still blocked World cocoa prices were down on Tuesday but off the day #39;s lows as exports remained on hold after mob violence and military clashes in Ivory Coast, the key global supplier, traders said.",World,Business
"The Bag of Aeolus  quot;Aeolus was keeper of the winds. He gave a bag of evil winds to Odysseus, instructing him to keep it closed while a good breeze wafted him home.",World,Sci/Tech
PeopleSoft revises third-quarter profit Oracle target adds \$2.6 million to bottom line after tax adjustment related to ex-CEO's severance package.,Sci/Tech,Business
"Vodafone begins 3G service Vodafone launches its third-generation services for mobile phones, offering video calls, music downloads and games.",Business,Sci/Tech
FCC OK's paging company deal (TheDeal.com) TheDeal.com - Arch Wireless Inc. can complete its  #36;367 million acquisition of Metrocall Holdings Inc.,Sci/Tech,Business
"Cable and Wireless to cut 600 jobs, shut London headquarters (AFP) AFP - Cable and Wireless, the struggling British telecoms group, said it would cut 600 jobs across Europe, part company with a top executive and shut its London headquarters.",Sci/Tech,Business
"Gap, Wild Planet Get Together on Radio Sweatshirt  NEW YORK (Reuters) - Wild Planet, a toy maker known for its  spy gear and adventure gadgets, said on Wednesday it was  teaming up with clothing retailer Gap Inc &lt;A HREF=""http://www.reuters.co.uk/financeQuoteLookup.jhtml?ticker=GPS.N qtype=sym infotype=info qcat=news""&gt;GPS.N&lt;/A&gt; to sell  sweatshirts with FM radios built in at GapKids stores.",Sci/Tech,Business
Toile Gets A Makeover The traditional pattern shakes its fussy image as designers give it a new look,Business,Sci/Tech
Halo 2 scores record sales of \$125 million in first 24 hours Halo 2 broke entertainment retail records in its first 24 hours. Microsoft Game Studios said that the video game sold through 2.4 million stores in the US and Canada raking in \$125 million in sales.,Business,Sci/Tech
"Prized Fossil Just a Rock? With positive and negative results, it remains to be seen what type of Fossil this company really is.",Business,Sci/Tech
"Hit animated films boost Pixar Pixar Animation Studio reported on Thursday strong third-quarter results that were lifted by solid home video sales of its older blockbuster hits  quot;Finding Nemo #39; #39; and  quot;Monsters, Inc.",Business,Sci/Tech
"France joins Germany, Japan in economic slide (AFP) AFP - The French economy hit a rough patch in the third quarter, throwing the government's full-year growth target into question amid signs of an economic slowdown in the 12-nation eurozone.",Business,World
BSkyB sees profits rise after strong subscriber growth (AFP) AFP - British satellite broadcaster BSkyB said profit rose by 16 percent in the first quarter as the group enjoyed strong subscriber growth in the run-up to the key Christmas trading period.,World,Business
"Telephone Tag (Forbes.com) Forbes.com - ARRIS GROUP (5, ARRS) saw its market cap unjustifiably halved recently when Comcast, a huge customer (24 of Arris' sales), hinted it might buy next-generation technology from Cisco Systems. Arris supplies the technical guts that cable companies use to provide phone service. (For the reverse phenomenon, see story on p. 162.)",Business,Sci/Tech
Donors seek clarity on PA finances Donors to the Palestinians are asking  whether the change of leadership can let more light into Palestinian finances.,Business,World
"'Miracle baby' a victim - judge A ""miracle baby"" was the victim of child traffickers motivated by financial greed, a judge rules.",World,Business
"U.S. to Allow Some Telemarketing 'Robo Calls'  WASHINGTON (Reuters) - Telemarketers will be able to use  prerecorded ""robo calls"" to stay in touch with established  customers starting next week -- at least for the short term,  U.S. regulators said Friday.",Sci/Tech,Business
Court ruling has fat cats purring THE future of horseracing in Britain was thrown into confusion this week as a result of a judgment by the European Court of Justice.,Sci/Tech,Business
"Don King Productions Presents:  quot;Battle For Supremacy quot; On Saturday November 13th, ten misfits, nomads and upstarts seek to wage war or settle the score at the famed Madison Square Garden in New York, New York.",Sports,Business
Indian PM pledges to protect poor from oil-driven inflation NEW DELHI : Indian Prime Minister Manmohan Singh pledged to try to shield the poor by keeping down prices of essential goods amid rising inflation.,Business,World
Will Hutton There were two stories last week that will have world-shaping implications. The first was in a Paris hospital and a compound in Ramallah.,Business,World
Safety Group Closely Echoes Rail Industry Documents show that the nation's most influential rail-safety group is tightly bound to the railroad industry.,World,Sci/Tech
"GAME UNDER FIRE Attacking police officers, racial slurs, bloody beatings of innocent bystanders ... is it really just a game? In four and a half minutes, 14-year-old Ryan Mason ran over a police officer, stole his gun and shot and killed three innocent bystanders.",Sci/Tech,Sports
"Where have all the people gone? While media and political attention is on the threat of outsourcing, the reality is that outsourcing is a sideshow in a much larger event.",Business,Sci/Tech
Boston archbishop reveals anguish of closings BOSTON Boston #39;s Archbishop is telling catholics that the church #39;s financial footing is  quot;much worse than people realize.,Sports,Business
"Ford underlines committed to motorsport. Despite confirming the successful sale of both Jaguar Racing and its Cosworth engine company to new owners, Ford Motor Company has stressed that it remains committed to supporting motorsport at all levels.",Sports,Business
"Dow Jones Agrees to Buy MarketWatch in \$519 Million Deal Dow Jones   Company, the publisher of The Wall Street Journal, has agreed to buy MarketWatch, the parent company of the financial news Web site CBS MarketWatch, for approximately \$519 million, the companies said today.",World,Business
"Microsoft signs two Indian deals Microsoft is to form multi-million pound partnerships with two Indian software firms, and is expected to double the 1,500 people it already employs in India.",Sci/Tech,Business
Microsoft Storms India Microsoft is making big news in India this week by expanding its Hyderabad campus and signing two lucrative deals in Asias fourth largest economy.,Business,Sci/Tech
"Microsoft Opens Software Development Center in India (Update3) Microsoft Corp., the world #39;s largest software maker, will hire several hundred #39; #39; people in the next year at its development center in India, expanding its workforce of 800, Chief Executive Steve Ballmer said.",Business,Sci/Tech
"Microsoft open new software development unit in India (AFP) AFP - Microsoft said it will join with India's second-largest software firm, Infosys Technologies, to provide software and consulting to manufacturing, banking and automobile companies.",World,Sci/Tech
"China 'owns up' over mystery sub \China has expressed regret for the intrusion of one of its subs into Japanese waters last week, Tokyo says.",World,Sci/Tech
"ScanSoft to acquire 3 software firms ScanSoft Inc. said it plans three acquisitions. The company will acquire Phonetic Systems Ltd., a provider of automated directory assistance and voice-based programs, for \$35 million in cash, and an additional consideration of up to \$35 million, based on the achievement of performance targets and the potential vesting of a warrant to buy 750,000 common shares. ART Advanced Recognition Technologies ...",Business,Sci/Tech
Microsoft to hire hundreds in India Microsoft on Tuesday announced its decision to localise Windows and Office software in 14 Indian languages over the next 12 months and that the company would hire  #39;hundreds #39; in India this year.,Business,Sci/Tech
"Google shares released for sale Employees and some investors in Google will be able to sell shares in the company as the latest ""lockup"" phase on sales ends.",Business,Sci/Tech
"INSIDE INFO: Man Utd shares drop MAN UNITED #39;S share price has fallen by just over 2.5, less than expected after the resignation of Malcolm Glazer #39;s bankers JP Morgan.",Sports,Business
"Oil Company on Trial in Madagascar Over Pollution (Reuters) Reuters - The operator of Madagascar's\privatized oil refinery went on trial on Tuesday, accused of\polluting the environment around the Indian Ocean island's main\international port, officials said.",Sci/Tech,Business
"Google stock falls as share lockups expire SAN FRANCISCO, - Shares of Google Inc. fell as much as 6.5 percent Tuesday, as selling restrictions were lifted on 39 million shares held by employees and early investors in the newly public Web search company.",Business,Sci/Tech
"Motorola buys wireless network developer, eyes defense contracts CHICAGO - Motorola Inc. is acquiring MeshNetworks Inc., developer of a Wi-Fi based technology that is expected to help land more contracts for its growing government contracting business.",Business,Sci/Tech
"Argentina gets China investment China is to invest nearly \$20bn (11bn) in Argentina over the next 10 years, Argentine officials say.",World,Business
"Producer Price Surge Fuels Inflation Fears Producer prices surged 1.7 percent in October, their sharpest monthly increase in nearly 15 years.",World,Business
"China, Argentina sign 5 cooperation documents China and Argentina signed five agreements in Buenos Aires Tuesday that will allow them to expand cooperation in the areas of trade, space, education, tourism and railways.",Business,World
Judge asked to penalize Microsoft over e-mails Burst.com asked a US judge to penalize Microsoft for destroying e-mails it says the world #39;s largest software company should have preserved as evidence in antitrust suits.,Business,Sci/Tech
Press review 0850CET--The seizure of fake Nike sportswear by the Customs Department was one of the main stories on Wednesday #39;s newspapers. L-Orizzont published ,Sci/Tech,Business
"Study: Posture found able to communicate fear A fight breaks out, and even though people at the far side of the crowd can #39;t see what #39;s going on, they are immediately on edge.",Sci/Tech,Sports
"ConocoPhillips boosts LUKoil stake to 10 percent (AFP) AFP - US oil major ConocoPhillips has boosted its stake in Russia's second-largest oil producer LUKoil to 10 percent, giving Conoco at least one representative on LUkoil's board.",World,Business
"Smoking ban would target pubs ritain #39;s government proposed banning smoking in most public places yesterday, setting off debate over what one smoker decried as the brainchild of a busybody  quot;nanny state.",World,Business
Is More Aid Needed to Solve Africa's Woes? (Reuters) Reuters - American economist Jeffrey Sachs\has a novel way to tackle African poverty: Shower more aid on\the world's poorest continent.,World,Business
Swedes beam poetry into outer space (Reuters) Reuters - Swedish poets have broadcast their work into outer space by radio to give alien life forms -- if they exist -- a taste\of earthling literature.,World,Sci/Tech
TV's Passport Stamp of Approval The sixth season of a popular reality television show is ready to rock the world.,Business,Sci/Tech
Cricket: NZ suffer Franklin blow New Zealand bowler James Franklin misses the first Test against Australia with  injury.,World,Sports
"Cheese sandwich back on eBay MIAMI -- You might say that this time, eBay melted in the resolve to ban the online sale of part of a 10-year-old grilled cheese sandwich.",Sci/Tech,Business
APEC Ministers Urge New Effort on Trade Talks Pacific Rim trading nations said on Wednesday they should pool their influence to energize talks to free up world trade. As trade and foreign ministers from the 21-member Asia-Pacific ,World,Business
"Nursery rhymes more violent than TV (Reuters) Reuters - Children's nursery rhymes contain 10 times more violence than television shows broadcast before the\9 p.m. ""watershed"" after which more adult content can be shown, research has said.",World,Sci/Tech
"India desperate for jobs, infrastructure despite economic boom (AFP) AFP - Despite India's economic boom in software and outsourcing services, economists have warned the government needs more reforms to create jobs in manufacturing to cut poverty.",World,Sci/Tech
SBC calling on cable SBC is teaming up with Microsoft to provide consumers with a new way to view television -- a move that puts it in direct competition with the cable TV industry.,Business,Sci/Tech
HONDA LINKED WITH BAR TAKEOVER BAR #39;s engine partner Honda is believed to be interested in purchasing the Brackley team and a deal could be done within the next 12 months.,Sports,Business
"Russia #39;s Putin Defends Reforms, Worries About Clans Russian President Vladimir Putin said on Thursday he had no plans to grab more power or change the constitution when reforming Russia #39;s government structure.",Business,World
Update 2: Google Says Revenue Growth Is Slowing Shares of Google Inc. slipped in pre-market trading Thursday after the world #39;s most popular Internet search engine warned for the second time in a week that its fourth-quarter revenue growth rate is likely to slow from previous quarters.,Business,Sci/Tech
"SBC and Yahoo! extend pact to offer Internet service SAN ANTONIO SBC Communications and Yahoo are expanding their high-speed Internet service partnership to link video, wireless phone, Internet and other services.",Business,Sci/Tech
"Suspect Animal Tested for Mad Cow Disease  WASHINGTON (Reuters) - Government scientists are chasing a  possible new case of mad cow disease in the United States, with  final results on a suspicious slaughtered animal expected in  coming days, officials said on Thursday.",Business,World
"Stern Blasts FCC at Satellite Promotion  #39;Down With the FCC! #39; Howard Stern Says at New York Rally to Promote Switch to Satellite Radio. Radio host Howard Stern, below center, waits as thousands of his fans line up to receive a free Sirius radio from him in Union Square in New York Thursday, Nov.",Business,Sci/Tech
"US May Have New Case of Mad Cow Disease  WASHINGTON (Reuters) - A final test is likely to confirm a  second U.S. case of mad cow disease, experts said on Thursday,  though they see a small possibility the animal, which tested  ""inconclusive"" in two preliminary tests, could be given a clean  bill of health.",Business,Sci/Tech
"A Bit of Wall St. on the Tigris The 150 brokers and traders on the Iraq Stock Exchange are not waiting for the war to end, buying and selling orders a few hundred yards away from the fighting.",World,Business
"McCain again opposes the president Global warming needs more attention, according to John McCain, and President Bush needs to lead the way. I listened to some of the hearings on this subject this week, and I must say the people testifying are ",Sci/Tech,World
"Aussies battle EU over cheese, champagne AP - The United States and Australia have prevailed in an interim ruling by World Trade Organisation (WTO) in a dispute over the protection given by the European Union to its regional goods such as Champagne wine and Feta cheese, trade officials said.",Business,World
"A Fair Tax Some say a ""fair tax"" that removes the need to file tax returns from the vast majority of the citizenry is a national sales tax.  This doesn't seem to be very fair to people trying to feed, house and clothe themselves and seems to subsidize large land holders (Bush's favorite constituency).  There is a tax that lives up to the promises broken by Bush's proposal for a national sales tax.",Sci/Tech,Business
Yahoo and SBC extend partnership and plan new services Yahoo and SBC Communications have agreed to collaborate to extend some of the online services and content they currently provide to PC users to mobile phones and home entertainment devices.,Business,Sci/Tech
"BearingPoint CFO Out; Error Found McLean technology consulting company BearingPoint Inc. said yesterday that its chief financial officer, Robert S. Falcone, would retire on Nov. 30.",Sci/Tech,Business
Football: Brazil legend's UK debut Brazil football great Socrates is set to make his debut for non-league Garforth Town on Saturday.,World,Sports
"TheStreet.com May Be Up for Sale -- Report (Reuters) Reuters - TheStreet.com Inc. , the\financial news and commentary Web site, may be up for sale,\according to a report in Business Week, sparking a 7 percent\rise in its shares.",Sci/Tech,Business
Lazarus-like virus hits computers A new computer virus is catching people out by coming back from the dead.,Business,Sci/Tech
"Bush Signs Into Law Debt Ceiling Increase &lt;p&gt;&lt;/p&gt;&lt;p&gt; WASHINGTON (Reuters) - President Bush on Friday signed intolaw a measure authorizing an \$800 billion increase in thecredit limit of the United States, the White House said.&lt;/p&gt;",World,Business
FCC says allowing cable TV subscribers to choose their channels &lt;b&gt;...&lt;/b&gt; Federal regulators rejected on Friday the idea that allowing cable TV subscribers to pay only for channels they want would lower high cable bills.,Business,Sci/Tech
Next Big Hit at the Modern: Its Reopening The buzz over the greatly enlarged museum is expected to turn into a cacophony on Saturday.,World,Sci/Tech
"No tax on Internet access until at least 2007 Consumers won #39;t have to pay a tax to log on to the Internet until at least 2007, after Congress voted Friday to renew a recently lapsed ban on Internet taxation.",Business,Sci/Tech
"Lawyers In the Limelight By all appearances, Steven Woghin was a lawyer at the top of his game. After years in government service, the former Justice Department attorney had worked his way up to a comfortable six-figure salary and the chief legal job at software maker Computer Associates International Inc.",Business,Sci/Tech
"Inside Apple #39;s new Regent Street store With 48 hours left before its official opening, Apple gave us a sneak peek at the new Regent Street Store. Billed as  #39;a place to belong #39;, it #39;s staffed by the 138 successful candidates, whittled down from an original list of over 4000 applicants.",Sci/Tech,Business
"World's oldest man dies aged 113 The world's oldest man, who gave up  driving at 108 because ""slow drivers annoyed him"", dies at 113.",World,Sports
England humble Sprinboks Charlie Hodgson scores 27 points as England overwhelm the Springboks at Twickenham.,World,Sports
"Will there be peace in Great Lakes region? To coordinate and cooperate or not to, that is where the rub is, and that is the key issue when it comes to answering the question whether there will be peace in the Great Lakes region.",World,Sci/Tech
Special to ESPN.com It #39;s the age old question:  quot;What do you give to the man who #39;s been everything? quot;. Only time will tell whether Phil Knight #39;s retirement will be as long-lived as so many players he paid to endorse Nike.,Business,Sports
Google creators in share sell-off Google founders Larry Page and Sergey Brin have announced plans to sell millions of shares in the web search company they launched in 1998.,Business,Sci/Tech
"Australia cancels 80pc of Iraqi debt Nineteen countries, including Australia, have agreed to cancel 80 per cent of the debt Iraq owes them. The deal secured for the Paris Club of creditor nations ends a trans-Atlantic dispute and probably sets ",World,Business
"Blunkett gets tougher on drugs New police powers to prosecute offenders for possession if they test positive for drugs when they are arrested, even if the only drugs they have are in their bloodstream, are to be announced this week.",World,Business
"HGS Picks Watkins as New Chief Executive  Human Genome Sciences Inc. plans to announce today that it has hired a 20-year product development veteran from Abbott Laboratories Inc. as chief executive. H. Thomas Watkins, 51, will face the challenge of completing the Rockville company's makeover from gene hunter to drug marketer.",Business,Sci/Tech
"Google targets software giant  SEATTLE -- Not too long ago, Google Inc. seemed little more than a pesky insect to Microsoft Corp.'s 800-pound gorilla.",Business,Sci/Tech
Before-the-Bell: GenCorp Falls 5.6 Pct. (Reuters) Reuters - Shares of GenCorp Inc.  fell 5.6\percent before the opening bell on Monday after investment fund\Steel Partners withdrew its proposal to acquire the aerospace\and real estate company.,Sci/Tech,Business
Banks seek court ruling over F1 Three banks go to the High Court in London seeking a ruling which could lead to Bernie Ecclestone losing control of Formula One racing.,Business,Sports
"TiVo Net Loss Widens; Subscribers Grow TiVo Inc.(TIVO.O: Quote, Profile, Research) , maker of digital television recorders, on Monday said its quarterly net loss widened as it boosted spending to acquire customers, but subscribers to its fee-based TV service rose ",Business,Sci/Tech
Federal CISOs Rank Patch Management As Biggest Obstacle Survey by Intelligent Decisions indicates that patch management leaves less time for chief information security officers to work on improving overall security.,Business,Sci/Tech
"Alamosa Offers to Buy AirGate (Reuters) Reuters - Alamosa Holdings Inc.  said\on Monday it made an unsolicited bid for AirGate PCS Inc.\ worth about  #36;380 million, which would create one of\the largest sellers of wireless telephone service under the\Sprint  brand.",Sci/Tech,Business
"Report: IBM software executive to become CA CEO Computer Associates is set to name a recently departed IBM executive as its new chief executive officer, The Wall Street Journal reported online on Monday.",Sci/Tech,Business
"Arrowhead: It still is pointing the way In comparison to its contemporaries it could be termed a modern marvel, an example of how to do things right when everyone else was doing things wrong.",Sports,Sci/Tech
"Cingular to Reduce Work Force by Roughly 10 Percent, CEO Says Cingular Wireless LLC, the nation's largest cell phone company, will cut about 10 percent of its 68,000 jobs over the next 12 to 18 months as it combines operations with the recently acquired AT T Wireless, Cingular's chief executive said Tuesday.",Sci/Tech,Business
JFK killing fades in intensity WASHINGTON: The 41st anniversary of President John F Kennedy #39;s assassination passed on November 22 - a lot more quietly than earlier ones.,Sci/Tech,World
"EasyGroup close to launching low-cost mobile phone service (AFP) AFP - EasyGroup, the holding company of no-frills British airline easyJet, is close to striking a deal to launch a low-cost mobile telephone service in Britain, the Financial Times reported.",World,Sci/Tech
"No Changes for Certain Nortel Accounting Nortel Networks Corp. (NT.TO: Quote, Profile, Research) said on Wednesday that a far-reaching revision of its faulty financials will not require accounting changes for sales of certain fiber optic equipment.",Business,Sci/Tech
Ruling delayed in Peoplesoft case A crucial legal ruling in Oracle's takeover bid for Peoplesoft is delayed after a judge says he needs to hear more evidence.,Business,Sci/Tech
"WTO backs Korea in shipbuilding dispute with EU The World Trade Organization has ruled against European Union claims that the Korean government provided illegal subsidies to its shipbuilding industry, the Ministry of Foreign Affairs and Trade said today.",Business,World
"Madrid miffed! The organisers of Madrid #39;s bid complained that Paris had broken the rules by using France #39;s embassies in Oslo and Kuwait to hold events to promote its candidacy, the newspaper said.",Sports,World
"Douglas, Fraser, and blue await you Jim McLeod has a great day job, but a seasonal sideline is his  #39; #39;tree #39; #39; calling. Throughout the year, he #39;s president and owner of a software company called InfoCode Corp.",Business,Sci/Tech
"Chicago to Hold EBay Auction to Raise Money for Cultural Programs City officials hope there are people willing to pay plenty of money to own a vintage Playboy Bunny costume, toss green dye into the Chicago River or throw a dinner party prepared by Oprah Winfrey's chef.",Sci/Tech,Business
"Board with Mukesh: Reliance Mumbai, Nov. 26: Mukesh Ambani apparently commands the full support of the board on all recent decisions, including the controversial one that elevated him to the final authority in the group.",Business,World
"It may be end of line for narrow track Hurricane forecasters debate the usefulness of the  quot;skinny line quot; in tracking maps, and look at more accurate alternatives.",Business,Sci/Tech
"The Shockwaves of Sumatra The Indian Ocean earthquake of December 2004 produced     a shockwave that created tsunamis all across the Indian Ocean. The tsunamis hammered nearby Indonesia and struck as far as     the coast of East Africa. The death toll has climbed over 100,000 and continues to grow.    It also created social shockwaves.  ",Sci/Tech,World
"FDA OKs Scientist Publishing Vioxx Data (AP) AP - The Food and Drug Administration has given a whistle-blower scientist permission to publish data indicating that as many as 139,000 people had heart attacks that may be linked to Vioxx, the scientist's lawyer said Monday.",World,Sci/Tech
"Discovery Channel Tests Power of Licensing By rushing more than 700 products under the American Chopper brand as part of a new in-house licensing program, the cable channel is relying more heavily on licensing to market shows.",Business,Sci/Tech
EasyMobile launch set for March Denmark #39;s leading telecoms operator TDC says it will launch a low-budget mobile telephone operator dubbed  quot;easyMobile quot; with mobile network operator T-Mobile in Britain in March 2005.,Business,Sci/Tech
"MetroPCS obtains Cingular air com November 29, 2004, 8:33 AM PT. Wired  amp; Wireless continues its reign as the top IT priority among IT managers due to widespread IP telephony deployment and other network infrastructure upgrades.",Business,Sci/Tech
"Is this the end of IT as we know it? Halsey Minor, CEO of hosted integration provider grand central Communications, has a powerful message for IT: In four years, ... basically the whole notion of enterprise application software is going to be dead. He believes application functionality will instead be available as hosted, pay-per-use services delivered by companies such as Salesforce.com. Putting his money where his mouth is, Minor has recently launched a \$50 million venture capital fund with his own money to fuel on-demand startups. For its part, Grand Central will handle data and process integration between enterprises and multiple on-demand services.",Business,Sci/Tech
"Toshiba claims Hollywood backing in war for next DVD standard (AFP) AFP - Toshiba said four major Hollywood studios had thrown their crucial weight behind High Definition DVD (HD-DVD), one of two disc formats contending to be the standard in next-generation DVDs.",World,Sci/Tech
"Anxious wait for whale rescuers RESCUE workers will know this morning if their attempts to save whales beached yesterday on Maria Island, off Tasmania #39;s east coast, were successful.",World,Sci/Tech
"Sony, IBM, Toshiba Give Details of 'Cell' Chip (Reuters) Reuters - IBM , Sony Corp. (6758.T) and\Toshiba Corp. (6502.T) on Monday revealed their plans for the\powerful new ""Cell"" processor the three are jointly producing\to run next-generation computers, game consoles and\televisions.",Business,Sci/Tech
"Renault unveils investment plan for Asian hub in South Korea (AFP) AFP - French auto giant Renault SA said it will invest some 570 million dollars in South Korea over the next three years as part of its global strategy to become a key player in Asia, notably China.",World,Business
Panel Urges N.Y. to Pay \$14 Billion More for City Schools Court-appointed referees recommended the state pay an additional \$14 billion over four years to improve New York City schools.,World,Business
"EPA May Conduct Human Tests for Chemicals (AP) AP - In setting limits on chemicals in food and water, the Environmental Protection Agency may rely on industry tests that expose people to poisons and raise ethical questions.",World,Sci/Tech
"Murdoch novel reveals Alzheimer's The last novel by the author Iris Murdoch reveals the first signs of Alzheimer's disease, experts say.",World,Sci/Tech
"Local group joins suit to de-list endangered species Bob Briggs wifes family has owned about 1,000 acres of redwood forest off Waddell Creek since 1913. He doesnt clearcut, and logs about once a decade.",Business,Sci/Tech
"Cingular to upgrade wireless data network DECEMBER 01, 2004 (REUTERS) - Cingular Wireless LLC, the largest US wireless telephone company, said yesterday that it would upgrade its network next year to handle high-speed data transmissions.",Business,Sci/Tech
"Why 2004 was the year of the blog A US dictionary publisher declares ""blog"" as one of the words of the year.",World,Sci/Tech
"New Game in Town: ESPN Phone ESPN will launch its own branded wireless phone service next year, the first in a series of branded cell-phone services planned by Walt Disney (DIS), which owns the cable sports channel.",Sci/Tech,Business
Turkey eyes \$15 billion investment years ANKARA: Turkey is hoping to attract \$15 billion of foreign investment between 2005 and 2007 through reforms designed to overhaul its economy and ease the country #39;s entry into ,World,Business
"Cingular Planning Major 3G Wireless Rollout Just as the AT amp;T buy helped Cingular move ahead of Verizon Wireless to the top of the industry in terms of size, the new network would likely give it an overall faster network, a distinction most say Verizon can now boast.",Business,Sci/Tech
Judge Declines to Dismiss Steroid Case (AP) AP - A judge declined to dismiss charges against four men accused of distributing steroids to top athletes amid accusations that prosecutors illegally searched a nutritional supplement lab and the house and car of Barry Bonds' trainer.,Sports,World
"Intel planning Centrino-like brand for desktops Intel is preparing a marketing strategy that will brand desktop PCs with a similar label that made its Centrino notebook technology a household name, according to sources familiar with the company's plans.",Business,Sci/Tech
"Internet pioneer closes Manitoba pharmacy; blames dollar, uncertain climate (Canadian Press) Canadian Press - WINNIPEG (CP) - Just one year ago, Mark Rzepka was opening a  #36;1-million Internet pharmacy in the small Manitoba town of Niverville believing he would be able to quadruple his staff within 12 months.",World,Business
"India's low-cost airline eyes business travel (AFP) AFP - India's pioneer low-cost carrier Air Deccan plans to raise 50 million dollars in private equity by shedding a 26 percent stake and also aims to enter the corporate business jet segment, its chairman said.",World,Business
"Iraq's Neighbors to Get Little for Environment Loss (Reuters) Reuters - Iraq's neighbors want tens of billions\of dollars for environmental damage done in the 1990-1 Gulf\conflict, but are set to get only paltry funds from the United",Sci/Tech,World
"EU wants US to clear muddy waters in WTO row Brussles - EU trade chief Peter Mandelson wants clarification of the US stance in threatened WTO action over aid to Airbus, his spokeswoman said Friday after a US official indicated Washington was delaying such action.",Business,World
IBM  #39;to sell PC business #39; IBM is reportedly in talks to sell its personal computer business. It would mark the end of an era for the company that brought the computer into the mainstream when it began selling its desktop PC to corporations and consumers in 1981.,Business,Sci/Tech
IBM reported to be exiting PC business IBM #39;s possible exit from the personal-computer business would be the latest move in what amounts to a long goodbye from a field it pioneered and revolutionized.,Business,Sci/Tech
Germans plan mass welfare rallies Nationwide protests are set to take place in Germany as cuts in unemployment benefit take effect.,Business,World
"Bonds distorts numbers and history I find myself privately hoping that Barry Bonds gets nailed. Is that bad? Is it un-American? He #39;s still innocent, you know, although less innocent than he was a few days ago.",Sports,Business
"Supreme Court Hears Wine Sales Case Winemakers who want to ship directly to consumers across state lines got a sympathetic hearing at the Supreme Court today, as the justices heard oral arguments in a case that could have a dramatic effect on Internet commerce and states' power to regulate the alcohol trade.",Sci/Tech,Business
"BBC 'must keep up' BBC boss Mark Thompson says the corporation must keep up with change, after announcing nearly 3,000 job cuts.",World,Business
"Court Hears Interstate Wine Sales Case (AP) AP - The Supreme Court considered Tuesday whether state alcoholic beverage regulations put in place 70 years ago, after Prohibition was lifted, should remain the law of the land in the Internet age.",World,Sci/Tech
"Pixar Delays Its Next Film  #39;Cars #39; to 2006 Pixar Animation Studios will delay the release of its next film,  quot;Cars, quot; until June 2006 as it switches from a holiday release schedule to releasing films during the summer when more children are at home.",Business,Sci/Tech
"Bipartisan Panel Seeks Greenhouse Gas Limits A bipartisan commission that includes energy industry executives, environmentalists and academics will issue a report Wednesday that calls on the nation to adopt mandatory limits on greenhouse gas emissions linked to global warming, set stricter fuel economy standards and promote nuclear power, renewable energy and oil exploration.",Business,Sci/Tech
"China's Lenovo to buy IBM's PC business TOKYO - China's Lenovo Group Ltd. signed a definitive agreement on Wednesday to acquire IBM Corp.'s personal computing division. Lenovo will pay US\$1.25 billion in cash for the business, which is expected to transform it into the world's number three PC maker, the companies announced.",Sci/Tech,Business
Justices hear cases on shipping wine (USATODAY.com) USATODAY.com - States that block direct shipments of wine to consumers from out-of-state wineries faced skeptical comments from Supreme Court justices on Tuesday.,World,Business
"Schwarzenegger Vows to Defend Emissions Law Toyota, General Motors and seven other automakers filed suit to block California's new greenhouse gas regulation, which was approved by the state in September.",World,Business
"DreamWorks Moves Shrek 3 to 2007 DreamWorks announced today that it has decided to move its release of Shrek 3 from November 2006 to May, 2007.  quot;We believe there are more than a half a dozen strong release windows available annually for our ",Business,Sci/Tech
"Amazon Burning Makes Brazil a Leading Polluter &lt;p&gt;&lt;/p&gt;&lt;p&gt; By Axel Bugge&lt;/p&gt;&lt;p&gt; BRASILIA, Brazil (Reuters) - Burning of the Amazon andother forests accounts for three quarters of Brazil'sgreenhouse gas emissions and has made the country one of theworld's leading polluters, a long-delayed government reportshowed on Wednesday.&lt;/p&gt;",World,Sci/Tech
Nortel to Release Delayed Financial Results Nortel Networks said today that it will begin releasing restated and delayed financial results dating back to 2001 next week after a nine-month delay.,Business,Sci/Tech
"Company Trademark Rights Limited by US High Court (Update1) The US Supreme Court limited the scope of federal trademark protection, saying rival companies in some cases can use proprietary terms even when customers might be confused.",Business,Sci/Tech
"Get Real? This time last week, first lady Laura Bush was having what she might call her Christmas Tree Day. First, she showed off the decorated executive mansion to reporters and then joined her husband ",Business,World
"Ellison: Data Hubs Could #39;ve Prevented 9/11 SAN FRANCISCO -- Oracle CEO Larry Ellison is convinced that had the intelligence community used a unified database from Oracle, the terrorist attacks on 9/11 would never have happened.",Business,Sci/Tech
"English 'world language' forecast A third of people on the planet will be learning English in the next decade, \says a report.",World,Sci/Tech
"Without Batting An Eyelash : A very French welcome for a new &lt;b&gt;...&lt;/b&gt; THAT night, it seemed as if three or four parties were going on at once in Cosmo Manille. Wrong, palanggas. Actually, there were five in Makati alone, and one of them had a stream of traffic ",Business,World
"Large Gambian Rats Worry Fla. Officials (AP) AP - The Florida Keys, already dealing with invasive exotics from melaleuca to iguanas, have added another to the list of unwanted newcomers: the African Gambian pouch rat.",Sci/Tech,World
Amazon #39;s UK DVD Rentals Might Presage War with Netflix Analysts said Amazon #39;s launch of the DVD rental service in the UK might be to test its approach and streamline the logistically difficult process of handling DVDs through the mail.,Business,Sci/Tech
"Nextel, Sprint Talk Merger Nextel Communications Inc. and Sprint Corp. are negotiating a possible merger, according to a source familiar with the discussions.",Sci/Tech,Business
"It's Inauguration Time Again, and Access Still Has Its Price President Bush's inaugural committee, seeking to raise more than \$40 million, a record, sent out hundreds of solicitations.",World,Business
"Japan's comics retool the art Animation in America once meant Mickey Mouse and Winnie the Pooh. These days, it's just as likely to mean Japanese fighting cyborgs, doe-eyed schoolgirls, and sinister monsters -- thanks in large part to people like John Ledford.",Business,Sci/Tech
"Ericsson Selected by MTN South Africa to Supply 3G/WCDMA Network STOCKHOLM, Sweden --(Business Wire)-- Dec. 10, 2004 -- Ericsson (NASDAQ:ERICY) has been selected by MTN South Africa to supply 3G/WCDMA network.",Sci/Tech,Business
"DreamWorks, Pixar rule digital animation DreamWorks and Pixar both make cutting-edge digital animated films. But behind the scenes, the two studios are about as different as Shrek and Mr.",Business,Sci/Tech
"HP targets China with low-cost PC SAN FRANCISCO (CBS.MW) - Personal computer stocks were relatively quiet Friday as the sector focused more attention on China where Hewlett-Packard introduced a new, low-priced PC.",Business,Sci/Tech
"Sources: Sprint, Nextel closing in on \$36B deal Sprint Corp. is in advanced talks to buy Nextel Communications Inc. for more than \$36 billion in a mostly stock deal, sources familiar with the situation said today.",Sci/Tech,Business
"I.B.M. Sought a China Partnership, Not Just a Sale Inside I.B.M., the issue of whether to stay in the personal computer business has been debated for a decade. The issue was put to rest last week.",Business,Sci/Tech
"The Kid Stays in His Home, Dressed in PJ's, With a Live Mike Robert Evans, the fabled Hollywood producer and man about town, will be enjoying his latest gig, as a satellite radio talk-show host, from the comfort of his home.",Sci/Tech,Sports
"Homeless families total 100,000 The figure for homeless families in England has topped 100,000 for the first time.",World,Business
Indonesian diplomats asked to help improve RI #39;s bad image JAKARTA (Antara): President Susilo Yudhoyono asked Indonesian diplomats on Monday to help the government improve Indonesia #39;s bad image.,Business,World
"Bangladesh boss slams detractors Bangladesh's coach says they still deserve Test status after their 30th defeat, to India.",World,Sports
Week's delay for Delta launcher Boeing's new heavy-lift Delta 4 rocket must wait a further week before making its maiden flight.,World,Sci/Tech
"Software revenue pushes up Oracle #39;s Q2 earnings Oracle Corp. reported second-quarter 2005 earnings that beat analyst expectations on Monday, thanks to new software revenue and continued gains from license updates and product support.",Business,Sci/Tech
Do-not-call bill could be introduced today The federal government hopes to introduce legislation today to establish a do-not-call registry for consumers who want to stop endless telemarketing pitches.,Business,Sci/Tech
"Lockheed to Launch Rocket; Boeing Gets New Date (Reuters) Reuters - Lockheed Martin Corp. on Monday\announced that it will launch its Atlas V rocket on Dec. 17 as\planned, while Boeing Co. waited to reschedule a launch of its\Delta IV heavy-lift rocket that it was forced to abandon on\Sunday.",Sci/Tech,Business
"Report Says N.H.L. Will Reject Proposal The N.H.L. appears poised to reject a proposal made by the players union, which included a 24 percent reduction in pay and other concessions but not a hard salary cap.",Sports,Business
"Bush Selects E.P.A. Head to Be Secretary of Health With the selection of Michael O. Leavitt, a former governor of Utah, the shape of the cabinet in President Bush's second term has become clear.",World,Business
"Symantec Said to Be in Talks for Veritas Symantec, which produces the Norton line of computer products, is in talks to acquire Veritas Software, a maker of data backup programs.",Business,Sci/Tech
Take Two Torts and Call Me in the Morning The friction that sometimes strains the patient-doctor relationship when lawyers seek medical care is at an all-time high.,Sci/Tech,Business
"EA Signs Five-Year Exclusive NFL Deal Electronic Arts announced an exclusive licensing relationships with the National Football League and PLAYERS INC to develop, publish and distribute interactive football games.",Sports,Sci/Tech
"Sprint Center Of Attention For Nextel And Verizon Wireless Sprint Corp. #39;s enterprise operation, including its nationwide fiber-optic network, suddenly is looking like a swan and not a lame duck, as Verizon Wireless assesses the possibility of making a bid for Sprint in the boiling cell-phone merger scene.",Business,Sci/Tech
"Briefly: Israel, Egypt and US trade pact Egypt, Israel and the United States have reached an agreement that allows Egyptian industry to sell products using Israeli parts duty free in America.",World,Business
"Bush Pledges Strong-Dollar Policy President Bush meets with Italian Prime Minister Silvio Berlusconi in the Oval Office of the White House, Wednesday, Dec. 15, 2004, in Washington.",Business,World
"MicroStrategy Turnover Draws Analyst Scrutiny MicroStrategy Inc. said yesterday that president and chief financial officer Eric F. Brown had resigned and that founder Michael J. Saylor would again hold the company's top three jobs, prompting some analysts to raise concerns about the company's stock.",Sci/Tech,Business
"R.I.P. Gary Webb -- Unembedded Reporter The finest journalist ever to get fired for telling the truth is dead at age 49. The official cause of death on the death certificate will be suicide. But, as we shall see, he had much help getting to that point. The story of the life and death of Gary Webb says much about the state of American politics and what passes as ""journalism"" in today's America. ",Sci/Tech,World
"A Distraction as a Deadline Approaches As the holidays approach, Christmas spirit is a bargain-hunting essential.",Sci/Tech,Business
"National Business Briefs ALEXANDRIA, Va. - Google Inc. won a major legal victory yesterday when a federal judge ruled that its advertising policy does not violate federal trademark laws.",Business,Sci/Tech
"Symantec to Buy Veritas for \$13.5 Billion  NEW YORK (Reuters) - Security software maker Symantec Corp.  has agreed to buy Veritas Software Corp. for \$13.5 billion,  expanding into the backup and recovery software market, the  companies said on Thursday.",Business,Sci/Tech
Broadband charges set to tumble The cost of broadband internet access is likely to fall after Ofcom ordered British Telecom to cut the amount it charges internet providers.,Business,Sci/Tech
"Iceland Offers Shelter to Fugitive Chess Player Fugitive chess master Bobby Fischer has been offered a new home in Iceland, where he won a classic victory in 1972, but it is unclear whether he will be able to make the move from his detention in Japan.",World,Sports
"FCC Mulls Airborne Mobile Phone Use Although there may have been technical limitations at the time the cell phone ban was established, according to IDC #39;s Shiv Bakhshi, it is unclear why the ban has remained in place, given that ",Business,Sci/Tech
"Boys 'cured' with gene therapy  Gene therapy can cure children born with a condition that knocks out their natural defences against infection, mounting evidence shows.",World,Sci/Tech
"Mars water tops science honours The discovery that salty, acidic water once flowed across the surface of Mars has topped a list of the 10 key scientific advances of 2004.",World,Sci/Tech
"Boeing casts eyes on live TV over Connexion service The Boeing Co. is planning to add live television to its Connexion by Boeing service during 2005, a company executive said in a recent interview.",Sci/Tech,Business
"Cisco invests \$12 million in Japan R amp;D center On Thursday, the company announced it will invest \$12 million over the next five years in a new research and development center in Tokyo.",Sci/Tech,Business
This week in merger news This week saw three merger deals worth about \$60 billion--including one that ranks as the largest software merger in history.,Sci/Tech,Business
"Pricey Drug Trials Turn Up Few New Blockbusters The \$500 billion drug industry is stumbling badly in its core business of finding new medicines, while aggressively marketing existing drugs.",World,Business
5 of arthritis patients in Singapore take Bextra or Celebrex &lt;b&gt;...&lt;/b&gt; SINGAPORE : Doctors in the United States have warned that painkillers Bextra and Celebrex may be linked to major cardiovascular problems and should not be prescribed.,Business,Sci/Tech
